word,start,end,duration,sentence_idx,word_idx,layer,richness,richness_normalized,pre_gap
that,0.031,0.171,0.14,0,0,36,3.5207451790054574,0.22300930808019712,0.0
up,0.211,0.291,0.0799999999999999,0,1,36,8.405131340026855,0.5324434536646423,0.03999999999999998
or,0.331,0.391,0.06,0,2,36,5.460827827453613,0.3459168335900608,0.040000000000000036
anything.,0.451,0.751,0.3,0,3,36,5.214557647705078,0.33031520011121235,0.06
And,3.412,3.492,0.08,1,0,36,3.5207451790054574,0.22300930808019712,0.0
I,3.512,3.572,0.06,1,1,36,2.585564613342285,0.16376403349227453,0.020000000000000018
remember,3.612,3.992,0.3799999999999999,1,2,36,5.212124824523926,0.33016107663743266,0.040000000000000036
when,4.032,4.152,0.1200000000000001,1,3,36,2.7931337356567383,0.1769138893586368,0.040000000000000036
I,4.213,4.253,0.04,1,4,36,0.8684738278388977,0.05498342061950848,0.06099999999999994
kind,4.293,4.453,0.1600000000000001,1,5,36,9.178576469421387,0.5814425141157923,0.040000000000000036
of,4.493,4.593,0.0999999999999996,1,6,36,0.005988393910229206,0.0003435058935733112,0.040000000000000036
first,4.713,4.953,0.2400000000000002,1,7,36,4.267056465148926,0.27028939355147785,0.1200000000000001
got,4.993,5.173,0.1799999999999997,1,8,36,2.1246399879455566,0.13456367689953494,0.040000000000000036
the,5.213,5.313,0.0999999999999996,1,9,36,2.845877170562744,0.1802552753951405,0.040000000000000036
first,5.353,5.593,0.2400000000000002,1,10,36,5.754055023193359,0.36449327365533146,0.040000000000000036
clue,5.693,5.973,0.2800000000000002,1,11,36,5.237181663513184,0.33174846987541257,0.09999999999999964
of,6.013,6.053,0.04,1,12,36,2.8173158168792725,0.17844586520879846,0.040000000000000036
what,6.113,6.233,0.1199999999999992,1,13,36,1.050297737121582,0.06650227358504586,0.0600000000000005
I,6.273,6.313,0.04,1,14,36,2.1672050952911377,0.13726024862604966,0.040000000000000036
might,6.373,6.573,0.2000000000000001,1,15,36,5.0904951095581055,0.3224556279510704,0.0600000000000005
"do,",6.653,6.973,0.3200000000000003,1,16,36,1.8199315071105957,0.11525987795506663,0.07999999999999918
I,6.993,7.014,0.0209999999999999,1,17,36,1.3798727989196777,0.08738141259892526,0.020000000000000462
was,7.254,7.374,0.1200000000000001,1,18,36,1.166094422340393,0.07383818994606939,0.23999999999999932
taking,7.394,7.654,0.2599999999999998,1,19,36,5.980038166046143,0.37880968894681116,0.020000000000000462
a,7.694,7.714,0.0200000000000004,1,20,36,1.351359248161316,0.08557503080894668,0.040000000000000036
class,7.774,8.194,0.4200000000000008,1,21,36,3.4919471740722656,0.221184905635904,0.05999999999999961
over,8.414,8.554,0.1400000000000005,1,22,36,6.715539932250977,0.4254049730006524,0.21999999999999886
in,8.594,8.654,0.0600000000000005,1,23,36,2.3207123279571533,0.14698519211231736,0.03999999999999915
the,8.674,8.754,0.08,1,24,36,2.319664239883423,0.14691879395564003,0.019999999999999574
mud,8.794,8.974,0.1799999999999997,1,25,36,12.177871704101562,0.7714529530333987,0.040000000000000924
"building,",9.034,9.374,0.3399999999999998,1,26,36,4.206433296203613,0.26644881300219314,0.0600000000000005
which,10.435,10.575,0.1399999999999988,1,27,36,3.179365873336792,0.20138235020107134,1.061
somebody,10.615,10.875,0.2599999999999998,1,28,36,9.102527618408203,0.5766246904507153,0.040000000000000924
was,10.895,10.995,0.0999999999999996,1,29,36,3.1979775428771973,0.20256143102561677,0.019999999999999574
telling,11.015,11.255,0.2400000000000002,1,30,36,3.2474451065063477,0.20569528506195067,0.02000000000000135
me,11.295,11.395,0.0999999999999996,1,31,36,0.05999163165688515,0.003764702576236039,0.03999999999999915
today.,11.455,11.795,0.3399999999999998,1,32,36,6.64825439453125,0.4211423200923615,0.0600000000000005
Somebody,15.677,15.897,0.2200000000000006,2,0,36,3.5207451790054574,0.22300930808019712,0.0
was,15.917,16.017,0.0999999999999996,2,1,36,4.092730522155762,0.25924554946442224,0.019999999999999574
telling,16.037,16.277,0.240000000000002,2,2,36,4.269087791442871,0.27041808151664865,0.019999999999999574
me,16.297,16.397,0.0999999999999978,2,3,36,0.6170435547828674,0.03905488647983941,0.019999999999999574
"today,",16.417,16.657,0.2399999999999984,2,4,36,4.000424861907959,0.2533978293682262,0.020000000000003126
mud,16.717,16.877,0.1600000000000001,2,5,36,15.785463333129883,1.0,0.05999999999999872
is,16.917,17.017,0.0999999999999978,2,6,36,2.0443968772888184,0.1294801397739786,0.0400000000000027
great,17.057,17.277,0.2200000000000024,2,7,36,5.536755561828613,0.35072698431073557,0.03999999999999915
if,17.337,17.397,0.0599999999999987,2,8,36,4.627708435058594,0.2931373073902576,0.05999999999999872
you,17.437,17.597,0.1600000000000001,2,9,36,0.29642266035079956,0.01874300915186806,0.0400000000000027
like,17.617,17.817,0.1999999999999993,2,10,36,4.4939141273498535,0.28466121112655457,0.019999999999999574
prisons,17.977,18.398,0.4209999999999994,2,11,36,13.83523941040039,0.8764500075682076,0.16000000000000014
and,18.458,18.558,0.1000000000000014,2,12,36,2.3027358055114746,0.1458463489332197,0.05999999999999872
Catholic,18.618,18.998,0.3800000000000025,2,13,36,12.390027046203613,0.7848933536999986,0.05999999999999872
school.,19.038,19.278,0.2399999999999984,2,14,36,3.110603094100952,0.19702611153782765,0.03999999999999915
And,27.054,27.134,0.0800000000000018,3,0,36,3.5207451790054574,0.22300930808019712,0.0
I,27.174,27.214,0.0399999999999991,3,1,36,2.585564613342285,0.16376403349227453,0.03999999999999915
was,27.234,27.334,0.0999999999999978,3,2,36,3.2928318977355957,0.20857061524712692,0.020000000000003126
in,27.374,27.434,0.0600000000000022,3,3,36,3.716594934463501,0.23541672218408308,0.03999999999999915
this,27.454,27.614,0.1600000000000001,3,4,36,4.107971668243408,0.260211101912956,0.019999999999999574
class,27.655,27.955,0.2999999999999971,3,5,36,6.021300792694092,0.38142374631255965,0.04100000000000037
and,27.995,28.055,0.0599999999999987,3,6,36,2.0508036613464355,0.12988602040778954,0.0400000000000027
they,28.075,28.175,0.1000000000000014,3,7,36,3.061127185821533,0.1938917288537495,0.019999999999999574
were,28.195,28.295,0.1000000000000014,3,8,36,1.0935852527618408,0.06924461110199104,0.019999999999999574
talking,28.335,28.515,0.1799999999999997,3,9,36,1.8186618089675903,0.11517944042472426,0.03999999999999915
about,28.535,28.655,0.120000000000001,3,10,36,0.10124866664409637,0.006378405700795223,0.019999999999999574
this,28.695,28.835,0.1400000000000005,3,11,36,2.653855085372925,0.1680903506931939,0.03999999999999915
"guy,",28.896,29.156,0.259999999999998,3,12,36,2.3297791481018066,0.14755959054277273,0.06099999999999994
Alan,29.256,29.496,0.2399999999999984,3,13,36,7.298809051513672,0.4623560607351042,0.10000000000000142
Turing.,29.536,29.896,0.3599999999999994,3,14,36,2.122368097305298,0.1344197487751086,0.0400000000000027
And,30.637,30.697,0.0599999999999987,4,0,36,3.5207451790054574,0.22300930808019712,0.0
they,30.717,30.817,0.1000000000000014,4,1,36,4.10869026184082,0.26025662603584626,0.019999999999999574
were,30.837,30.957,0.120000000000001,4,2,36,2.9059698581695557,0.1840622490521124,0.019999999999999574
talking,30.997,31.298,0.3009999999999984,4,3,36,5.208594799041748,0.3299374435373953,0.03999999999999915
about,31.338,31.538,0.1999999999999993,4,4,36,0.32270804047584534,0.020408232553994612,0.0400000000000027
how,31.578,31.698,0.120000000000001,4,5,36,2.6745505332946777,0.16940144241158822,0.03999999999999915
he,31.758,31.818,0.0600000000000022,4,6,36,3.214646816253662,0.20361745775952295,0.05999999999999872
had,31.838,31.958,0.1199999999999974,4,7,36,2.330362319946289,0.1475965354679849,0.019999999999999574
proven,32.058,32.619,0.5609999999999999,4,8,36,8.342467308044434,0.5284735809813362,0.10000000000000142
that,33.78,34.08,0.2999999999999971,4,9,36,1.8548401594161987,0.11747140027201422,1.1610000000000014
if,34.7,34.78,0.0799999999999983,4,10,36,5.287806034088135,0.33495560959332027,0.6200000000000045
you,34.82,34.981,0.1610000000000013,4,11,36,1.0568991899490356,0.06692048681551901,0.03999999999999915
built,35.001,35.281,0.2800000000000011,4,12,36,5.954276084899902,0.3771776174223318,0.01999999999999602
a,35.381,35.421,0.0399999999999991,4,13,36,1.0625591278076172,0.06727905347621994,0.10000000000000142
machine,35.461,36.001,0.5399999999999991,4,14,36,4.853743076324463,0.30745698519353043,0.03999999999999915
that,36.141,36.302,0.1610000000000013,4,15,36,1.1239702701568604,0.07116955347678276,0.14000000000000057
was,36.342,36.482,0.1400000000000005,4,16,36,1.8295625448226929,0.11587002052514368,0.03999999999999915
what,36.502,36.622,0.1199999999999974,4,17,36,7.7891364097595215,0.49341913031102713,0.020000000000003126
he,36.642,36.702,0.0599999999999951,4,18,36,1.7661899328231812,0.11185525809624047,0.020000000000003126
called,36.722,36.902,0.1799999999999997,4,19,36,1.9797070026397705,0.1253819265225908,0.020000000000003126
a,36.942,36.962,0.0200000000000031,4,20,36,0.8942972421646118,0.056619377704908026,0.03999999999999915
Turing,37.022,37.322,0.3000000000000042,4,21,36,6.731577396392822,0.4264209735482085,0.05999999999999517
"machine,",37.362,37.823,0.4609999999999985,4,22,36,0.35957497358322144,0.022743815280323168,0.03999999999999915
that,38.664,38.924,0.259999999999998,4,23,36,1.8811578750610352,0.11913867218414972,0.8410000000000011
it,39.064,39.124,0.0600000000000022,4,24,36,1.5287657976150513,0.09681403653895673,0.14000000000000057
was,39.164,39.244,0.0799999999999983,4,25,36,1.6653190851211548,0.10546491885112884,0.03999999999999915
theoretically,39.364,40.045,0.6810000000000045,4,26,36,5.28956413269043,0.3350669881209223,0.11999999999999744
impossible,40.225,40.845,0.6199999999999974,4,27,36,3.669299602508545,0.2324204827076871,0.17999999999999972
to,40.905,40.965,0.0600000000000022,4,28,36,0.4665112793445587,0.029518411578478437,0.060000000000002274
build,41.005,41.226,0.2209999999999965,4,29,36,3.5697717666625977,0.22611522554095656,0.03999999999999915
a,41.286,41.306,0.019999999999996,4,30,36,0.8446747064590454,0.05347570592475242,0.060000000000002274
machine,41.346,41.686,0.3400000000000034,4,31,36,1.2890702486038208,0.08162891706568917,0.03999999999999915
that,41.746,41.866,0.1199999999999974,4,32,36,0.3017098307609558,0.019077960362622444,0.060000000000002274
was,41.926,42.046,0.1199999999999974,4,33,36,0.845753014087677,0.053544018541474975,0.060000000000002274
computationally,42.166,42.907,0.7409999999999997,4,34,36,2.8302340507507324,0.17926425722955533,0.11999999999999744
more,42.947,43.107,0.1599999999999966,4,35,36,3.277050018310547,0.207570806424766,0.04000000000000625
powerful.,43.167,43.588,0.4209999999999994,4,36,36,2.115999221801758,0.13401626971247865,0.060000000000002274
And,44.408,44.488,0.0799999999999983,5,0,36,3.5207451790054574,0.22300930808019712,0.0
I,44.548,44.588,0.0399999999999991,5,1,36,2.585564613342285,0.16376403349227453,0.060000000000002274
was,44.628,44.768,0.1400000000000005,5,2,36,3.2928318977355957,0.20857061524712692,0.03999999999999915
"like,",44.848,45.088,0.240000000000002,5,3,36,1.2698111534118652,0.08040882072830087,0.0799999999999983
it,45.949,46.009,0.0600000000000022,5,4,36,5.664923667907715,0.3588466511610466,0.8609999999999971
just,46.049,46.189,0.1400000000000005,5,5,36,4.2285895347595215,0.26785244828427307,0.03999999999999915
like,46.229,46.389,0.1600000000000037,5,6,36,7.08383846282959,0.44873730942381684,0.03999999999999915
melted,46.489,46.809,0.3200000000000003,5,7,36,7.393353462219238,0.4683456094689709,0.09999999999999432
my,46.849,47.01,0.1610000000000013,5,8,36,2.4338300228118896,0.15415138989110597,0.03999999999999915
mind,47.05,47.29,0.240000000000002,5,9,36,3.5073306560516357,0.22215947530453248,0.03999999999999915
when,47.33,47.45,0.1200000000000045,5,10,36,5.226509094238281,0.331072344514743,0.03999999999999915
I,47.49,47.55,0.0599999999999951,5,11,36,0.3808578848838806,0.024092123799912425,0.03999999999999915
heard,47.61,47.79,0.1799999999999997,5,12,36,2.052948474884033,0.1300218979822821,0.060000000000002274
it,47.85,47.91,0.0599999999999951,5,13,36,1.733290433883667,0.1097710190518861,0.060000000000002274
because,47.99,48.31,0.3200000000000003,5,14,36,4.46131706237793,0.2825961317868738,0.0800000000000054
I,48.35,48.37,0.019999999999996,5,15,36,1.2091810703277588,0.07656780215659949,0.03999999999999915
couldn't,48.731,48.971,0.2399999999999948,5,16,36,2.0856168270111084,0.13209149348412083,0.3610000000000042
even,49.131,49.371,0.240000000000002,5,17,36,2.9451870918273926,0.18654672730363556,0.1600000000000037
imagine,49.951,50.532,0.580999999999996,5,18,36,2.2147817611694336,0.14027431108353736,0.5799999999999983
like,50.952,51.152,0.2000000000000028,5,19,36,5.252776622772217,0.33273643698830235,0.4200000000000017
what,51.332,51.432,0.1000000000000014,5,20,36,2.259807586669922,0.14312677347771965,0.17999999999999972
he,51.472,51.512,0.0399999999999991,5,21,36,3.0478742122650146,0.1930521305063377,0.03999999999999915
was,51.552,51.652,0.1000000000000014,5,22,36,0.8016202449798584,0.05074813278409298,0.03999999999999915
talking,51.672,51.932,0.2600000000000051,5,23,36,2.5910019874572754,0.16410850036242533,0.01999999999999602
about,51.952,52.113,0.1610000000000013,5,24,36,0.01235851552337408,0.0007470638993597125,0.01999999999999602
because,52.173,52.353,0.1799999999999997,5,25,36,3.664421319961548,0.23211143523640076,0.060000000000002274
it,52.373,52.413,0.0399999999999991,5,26,36,1.4912505149841309,0.0944373797709279,0.01999999999999602
was,52.433,52.513,0.0799999999999983,5,27,36,1.112627387046814,0.07045096259802892,0.020000000000003126
1984.,52.593,52.833,0.2399999999999948,5,28,36,7.7018513679504395,0.48788947490621204,0.0800000000000054
And,52.853,52.973,0.1199999999999974,6,0,36,3.5207451790054574,0.22300930808019712,0.0
you,52.993,53.333,0.3399999999999963,6,1,36,4.013903617858887,0.25425173141317514,0.020000000000003126
have,53.353,53.934,0.580999999999996,6,2,36,3.0879087448120117,0.19558838602835446,0.020000000000003126
to,53.974,54.034,0.0600000000000022,6,3,36,0.7966234683990479,0.050431578514838364,0.03999999999999915
remember,54.074,54.414,0.3400000000000034,6,4,36,2.8941102027893066,0.18331091977376848,0.03999999999999915
in,54.514,54.754,0.2399999999999948,6,5,36,5.840292453765869,0.3699565611119117,0.10000000000000142
"1984,",54.794,55.294,0.5,6,6,36,4.044749736785889,0.25620588535189176,0.03999999999999915
computers,55.915,56.375,0.4600000000000008,6,7,36,6.657339096069336,0.4217178513394117,0.6210000000000022
weren't,56.415,56.615,0.2000000000000028,6,8,36,1.2355252504348755,0.07823675063729532,0.03999999999999915
even,56.655,56.815,0.1599999999999966,6,9,36,1.8816338777542114,0.11916882776190366,0.03999999999999915
really,56.855,57.095,0.240000000000002,6,10,36,4.12888240814209,0.2615358327431519,0.03999999999999915
a,57.156,57.176,0.0200000000000031,6,11,36,2.2115638256073,0.14007044940913477,0.06099999999999994
thing.,57.236,57.516,0.2800000000000011,6,12,36,0.3761425316333771,0.023793398175832512,0.05999999999999517
And,58.336,58.456,0.1200000000000045,7,0,36,3.5207451790054574,0.22300930808019712,0.0
so,58.536,58.696,0.1599999999999966,7,1,36,4.205244064331055,0.26637347314652743,0.0799999999999983
the,58.756,58.857,0.100999999999999,7,2,36,2.403459072113037,0.15222733866536883,0.060000000000002274
idea,58.937,59.257,0.3200000000000003,7,3,36,5.100571155548096,0.32309396255013706,0.0799999999999983
of,59.397,59.477,0.0799999999999983,7,4,36,1.0605121850967407,0.06714937618455635,0.14000000000000057
like,59.557,59.757,0.1999999999999957,7,5,36,9.088839530944824,0.5757575268994964,0.0800000000000054
a,59.877,59.917,0.0399999999999991,7,6,36,1.8847410678863525,0.11936567352552903,0.12000000000000455
machine,59.977,60.377,0.4000000000000057,7,7,36,7.127566337585449,0.45150754443743696,0.05999999999999517
that,60.417,60.578,0.1610000000000013,7,8,36,0.994601309299469,0.0629738104400194,0.03999999999999915
could,60.638,60.798,0.1600000000000037,7,9,36,2.39192795753479,0.15149682300392692,0.05999999999999517
do,60.838,60.978,0.1400000000000005,7,10,36,2.64595627784729,0.16758994784271172,0.03999999999999915
anything,61.078,61.538,0.4599999999999937,7,11,36,4.210308074951172,0.26669428680617857,0.10000000000000142
was,62.279,62.479,0.1999999999999957,7,12,36,3.153019905090332,0.19971328843871602,0.7410000000000068
just,62.579,62.779,0.2000000000000028,7,13,36,3.0439817905426025,0.19280553898997876,0.10000000000000142
like,62.819,62.959,0.1400000000000005,7,14,36,2.287256956100464,0.14486573757608556,0.03999999999999915
so,62.999,63.159,0.1599999999999966,7,15,36,6.522162437438965,0.41315418080081895,0.03999999999999915
far,63.199,63.399,0.2000000000000028,7,16,36,2.9268908500671387,0.18538762936382266,0.03999999999999915
fetched,63.459,63.719,0.259999999999998,7,17,36,2.948220729827881,0.18673891341500096,0.060000000000002274
because,63.779,64.02,0.2409999999999925,7,18,36,5.211293697357178,0.33010842332210577,0.060000000000002274
all,64.04,64.32,0.2799999999999869,7,19,36,4.767750263214111,0.30200919466796716,0.020000000000010232
of,64.36,64.4,0.0400000000000062,7,20,36,1.5939679145812988,0.10094470120973059,0.04000000000000625
our,64.5,64.62,0.1200000000000045,7,21,36,2.8803412914276123,0.18243863589154102,0.09999999999999432
machines,64.66,65.0,0.3400000000000034,7,22,36,3.131113052368164,0.19832545217207842,0.03999999999999204
were,65.04,65.16,0.1199999999999903,7,23,36,1.8760048151016235,0.11881221709785644,0.04000000000000625
like,65.22,65.36,0.1400000000000005,7,24,36,2.87101149559021,0.18184757750503125,0.060000000000002274
these,65.4,65.52,0.1199999999999903,7,25,36,4.272248268127441,0.2706183030737266,0.04000000000000625
special,65.58,65.941,0.3610000000000042,7,26,36,6.896711826324463,0.4368825196970876,0.060000000000002274
purpose,66.001,66.341,0.3399999999999892,7,27,36,3.7502999305725098,0.23755199083997847,0.060000000000002274
machines.,66.381,66.781,0.4000000000000057,7,28,36,1.4881218671798706,0.09423917462738875,0.04000000000000625
Like,67.181,67.301,0.1200000000000045,8,0,36,3.5207451790054574,0.22300930808019712,0.0
we,67.321,67.422,0.100999999999999,8,1,36,5.681262969970703,0.35988177365272317,0.01999999999999602
had,67.442,67.562,0.1200000000000045,8,2,36,3.7529385089874268,0.23771914925670912,0.01999999999999602
a,67.582,67.622,0.0400000000000062,8,3,36,2.4601051807403564,0.15581596569974582,0.01999999999999602
special,67.662,68.062,0.3999999999999915,8,4,36,6.065820693969727,0.38424415754921937,0.04000000000000625
purpose,68.122,68.482,0.3599999999999994,8,5,36,6.151303291320801,0.38965962504127727,0.060000000000002274
machine,68.542,68.942,0.3999999999999915,8,6,36,7.213949680328369,0.4569800756774309,0.060000000000002274
for,69.303,69.443,0.1400000000000005,8,7,36,2.2167601585388184,0.1403996459115875,0.3610000000000042
doing,69.483,69.723,0.2399999999999948,8,8,36,4.513056755065918,0.2858739290518553,0.04000000000000625
math.,69.783,70.123,0.3400000000000034,8,9,36,4.276704788208008,0.27090063117759655,0.060000000000002274
And,70.844,70.924,0.0800000000000125,9,0,36,3.5207451790054574,0.22300930808019712,0.0
your,71.064,71.204,0.1400000000000005,9,1,36,6.215086936950684,0.3937004271476399,0.13999999999998636
parents,71.224,71.484,0.2599999999999909,9,2,36,4.937030792236328,0.3127334032246303,0.020000000000010232
will,71.504,71.664,0.1599999999999966,9,3,36,2.710568428039551,0.17168323711796737,0.020000000000010232
remember,71.704,72.024,0.3200000000000074,9,4,36,5.66124153137207,0.35861338156784267,0.03999999999999204
it,72.044,72.084,0.0400000000000062,9,5,36,2.2455596923828125,0.14222414521497245,0.01999999999999602
was,72.104,72.204,0.0999999999999943,9,6,36,6.509817123413086,0.41237208422375987,0.01999999999999602
called,72.224,72.404,0.1799999999999926,9,7,36,7.928978443145752,0.5022783602513172,0.020000000000010232
a,72.424,72.465,0.0409999999999968,9,8,36,2.746760845184326,0.17397608811431192,0.020000000000010232
calculator.,72.505,73.025,0.5200000000000102,9,9,36,5.781845569610596,0.3662538518943264,0.03999999999999204
And,74.892,74.972,0.0799999999999983,10,0,36,3.5207451790054574,0.22300930808019712,0.0
then,74.992,75.132,0.1400000000000005,10,1,36,2.7850918769836426,0.17640442397539613,0.020000000000010232
we,75.372,75.492,0.1200000000000045,10,2,36,3.202362537384033,0.2028392278631075,0.23999999999999488
had,75.532,75.632,0.1000000000000085,10,3,36,2.8725063800811768,0.18194228097235765,0.03999999999999204
one,75.733,75.853,0.1199999999999903,10,4,36,4.513852119445801,0.2859243167339926,0.10099999999999909
for,75.893,76.013,0.1200000000000045,10,5,36,5.8919196128845215,0.3732272291844565,0.04000000000000625
word,76.033,76.233,0.2000000000000028,10,6,36,10.276726722717285,0.6510121947572794,0.01999999999999602
processing,76.273,76.893,0.6200000000000045,10,7,36,2.120115280151367,0.1342770289883834,0.03999999999999204
called,76.913,77.093,0.1800000000000068,10,8,36,6.105151176452637,0.38673581030584303,0.01999999999999602
a,77.133,77.153,0.0200000000000102,10,9,36,4.65061616897583,0.2945885511777623,0.03999999999999204
typewriter.,77.193,77.834,0.6410000000000053,10,10,36,1.453283667564392,0.09203211560782472,0.03999999999999204
And,78.014,78.094,0.0799999999999983,11,0,36,3.5207451790054574,0.22300930808019712,0.0
we,78.134,78.194,0.0600000000000022,11,1,36,3.565613269805908,0.2258517777136668,0.04000000000000625
even,78.234,78.394,0.1600000000000108,11,2,36,7.062857151031494,0.44740810774412676,0.03999999999999204
had,78.434,78.534,0.1000000000000085,11,3,36,2.6341824531555176,0.1668440560840229,0.03999999999999204
one,78.614,78.714,0.0999999999999943,11,4,36,3.6482205390930176,0.2310850882972787,0.0799999999999983
for,78.754,78.874,0.1199999999999903,11,5,36,4.813756942749023,0.30492379582843027,0.04000000000000625
video,78.934,79.375,0.4410000000000025,11,6,36,7.823243141174316,0.49557984957975265,0.060000000000002274
called,79.475,79.675,0.2000000000000028,11,7,36,7.391079902648926,0.46820157561499576,0.09999999999999432
a,79.715,79.735,0.019999999999996,11,8,36,5.024992942810059,0.3183059546178356,0.04000000000000625
television,79.775,80.275,0.5,11,9,36,8.70603084564209,0.5515059475701942,0.04000000000000625
set.,80.295,80.535,0.2399999999999948,11,10,36,2.401746988296509,0.15211887525247078,0.01999999999999602
And,82.717,82.797,0.0799999999999983,12,0,36,3.5207451790054574,0.22300930808019712,0.0
so,82.857,83.017,0.1599999999999966,12,1,36,4.205244064331055,0.26637347314652743,0.060000000000002274
the,83.077,83.177,0.1000000000000085,12,2,36,2.403459072113037,0.15222733866536883,0.060000000000002274
idea,83.237,83.557,0.3200000000000074,12,3,36,5.100571155548096,0.32309396255013706,0.05999999999998806
of,83.577,83.637,0.0600000000000022,12,4,36,1.0605121850967407,0.06714937618455635,0.01999999999999602
"like,",83.717,83.877,0.1599999999999966,12,5,36,5.086977958679199,0.3222328104789813,0.0799999999999983
"OK,",84.378,84.618,0.2399999999999948,12,6,36,3.141484498977661,0.19898250090129138,0.5010000000000048
now,84.658,84.798,0.1400000000000005,12,7,36,4.587417125701904,0.2905847846219394,0.04000000000000625
you're,84.818,84.938,0.1200000000000045,12,8,36,1.8079946041107178,0.11450365490903311,0.01999999999999602
going,84.958,85.058,0.1000000000000085,12,9,36,1.6913076639175415,0.10711133938580915,0.01999999999999602
to,85.078,85.178,0.0999999999999943,12,10,36,0.044322747737169266,0.0027720522107405215,0.01999999999999602
have,85.198,85.278,0.0800000000000125,12,11,36,2.2131805419921875,0.14017287113352717,0.01999999999999602
a,85.298,85.318,0.019999999999996,12,12,36,1.8392696380615234,0.116484981341804,0.01999999999999602
machine,85.338,85.718,0.3800000000000096,12,13,36,6.911205291748047,0.43780070530773685,0.01999999999999602
that,85.918,86.059,0.1409999999999911,12,14,36,0.6045511364936829,0.038263470598260345,0.20000000000000284
can,86.099,86.219,0.1199999999999903,12,15,36,1.5605968236923218,0.09883058601571569,0.04000000000000625
do,86.239,86.359,0.1199999999999903,12,16,36,1.8781025409698486,0.1189451115886493,0.020000000000010232
absolutely,86.479,86.999,0.519999999999996,12,17,36,8.192489624023438,0.5189722403866635,0.12000000000000455
anything.,87.079,87.579,0.5,12,18,36,1.6663408279418945,0.10552964799135646,0.0799999999999983
And,88.22,88.34,0.1200000000000045,13,0,36,3.5207451790054574,0.22300930808019712,0.0
this,88.62,88.8,0.1799999999999926,13,1,36,3.9247021675109863,0.2486006682778386,0.28000000000000114
guy,88.88,89.24,0.3599999999999994,13,2,36,5.627782344818115,0.3564936853640706,0.0799999999999983
had,89.681,89.821,0.1400000000000005,13,3,36,3.8887388706207275,0.24632233243812895,0.4410000000000025
figured,89.881,90.161,0.2800000000000011,13,4,36,8.642224311828613,0.5474636954585902,0.060000000000002274
that,90.181,90.341,0.1599999999999966,13,5,36,3.1005589962005615,0.1963898009044104,0.01999999999999602
out,90.421,90.581,0.1599999999999966,13,6,36,0.8014925718307495,0.050740044473606014,0.0800000000000125
40,90.681,90.941,0.2600000000000051,13,7,36,9.153247833251953,0.5798379020655712,0.09999999999999432
years,90.981,91.222,0.2409999999999996,13,8,36,0.26477494835853577,0.016738072933233598,0.03999999999999204
ago.,91.302,91.522,0.2199999999999988,13,9,36,0.5680630803108215,0.03595189036754822,0.0800000000000125
And,91.542,91.642,0.0999999999999943,14,0,36,3.5207451790054574,0.22300930808019712,0.0
I,91.662,91.702,0.039999999999992,14,1,36,2.585564613342285,0.16376403349227453,0.020000000000010232
didn't,91.722,91.882,0.1600000000000108,14,2,36,2.171912431716919,0.13755846637068955,0.01999999999999602
even,91.922,92.082,0.1599999999999966,14,3,36,2.8824286460876465,0.1825708733487089,0.03999999999999204
know,92.142,92.322,0.1800000000000068,14,4,36,1.2657901048660278,0.0801540804845699,0.060000000000002274
about,92.382,92.662,0.2800000000000011,14,5,36,3.242866039276123,0.2054051933883509,0.060000000000002274
it.,92.722,92.783,0.061000000000007,14,6,36,1.5447486639022827,0.09782657821984334,0.05999999999998806
Like,93.023,93.183,0.1600000000000108,15,0,36,3.5207451790054574,0.22300930808019712,0.0
I,93.263,93.343,0.0799999999999983,15,1,36,4.154687881469727,0.26317065323590133,0.0799999999999983
had,93.383,93.503,0.1200000000000045,15,2,36,4.849264621734619,0.30717326750130414,0.03999999999999204
no,93.543,93.683,0.1400000000000005,15,3,36,3.970719337463379,0.2515159340240373,0.04000000000000625
idea.,93.783,94.103,0.3199999999999932,15,4,36,1.9423882961273193,0.1230177231849943,0.09999999999999432
It,94.123,94.163,0.039999999999992,16,0,36,3.5207451790054574,0.22300930808019712,0.0
was,94.203,94.323,0.1199999999999903,16,1,36,2.1391820907592773,0.1354849437713221,0.04000000000000625
like,94.343,94.484,0.1409999999999911,16,2,36,3.9265317916870117,0.2487165780718199,0.020000000000010232
the,94.524,94.664,0.1400000000000005,16,3,36,2.6382031440734863,0.16709877367142195,0.04000000000000625
secret,94.724,95.044,0.3199999999999932,16,4,36,7.747145175933838,0.4907589144450953,0.060000000000002274
to,95.064,95.124,0.0600000000000022,16,5,36,2.8515172004699707,0.18061258085336585,0.01999999999999602
the,95.164,95.244,0.0799999999999983,16,6,36,2.2392876148223877,0.14182679846617577,0.04000000000000625
"universe,",95.284,95.664,0.3799999999999954,16,7,36,3.3259410858154297,0.2106681384540831,0.04000000000000625
which,95.704,95.844,0.1400000000000005,16,8,36,5.097196102142334,0.3228801471939214,0.03999999999999204
they,95.864,95.964,0.0999999999999943,16,9,36,5.0799689292907715,0.321788776582257,0.020000000000010232
were,95.984,96.104,0.1200000000000045,16,10,36,2.6992075443267822,0.1709635058705081,0.01999999999999602
just,96.124,96.245,0.1210000000000093,16,11,36,4.3858232498168945,0.2778134707488999,0.01999999999999602
"saying,",96.265,96.465,0.2000000000000028,16,12,36,4.131348609924316,0.2616920708079085,0.01999999999999602
"oh,",96.545,96.665,0.1200000000000045,16,13,36,3.4584460258483887,0.2190625510891895,0.0799999999999983
"here,",96.685,96.905,0.2199999999999988,16,14,36,3.8174712657928467,0.2418074088262838,0.01999999999999602
"oh,",97.005,97.085,0.0799999999999983,16,15,36,3.3672640323638916,0.21328601718781148,0.09999999999999432
by,97.125,97.305,0.1800000000000068,16,16,36,7.121928691864014,0.4511503900214242,0.04000000000000625
the,97.345,97.425,0.0799999999999983,16,17,36,0.4131697416305542,0.02613913471490591,0.03999999999999204
"way,",97.445,97.665,0.220000000000013,16,18,36,0.24805325269699097,0.015678725158676965,0.01999999999999602
there's,98.146,98.366,0.2199999999999988,16,19,36,1.7990868091583252,0.11393933099416094,0.48099999999999454
a,98.406,98.426,0.019999999999996,16,20,36,1.046837568283081,0.06628306602183887,0.04000000000000625
machine,98.466,98.886,0.4200000000000017,16,21,36,6.889106750488281,0.43640072524720286,0.03999999999999204
that's,98.946,99.546,0.6000000000000085,16,22,36,1.9201879501342773,0.12161129362198049,0.060000000000002274
limitless.,99.667,100.227,0.5600000000000023,16,23,36,6.095946788787842,0.3861526967397182,0.12099999999999511
And,100.467,100.567,0.0999999999999943,17,0,36,3.5207451790054574,0.22300930808019712,0.0
you,100.607,100.727,0.1200000000000045,17,1,36,4.013903617858887,0.25425173141317514,0.04000000000000625
can,100.767,100.907,0.1400000000000005,17,2,36,2.1037778854370117,0.13324202733047696,0.03999999999999204
do,100.927,101.047,0.1199999999999903,17,3,36,3.474865674972534,0.2201027637034321,0.020000000000010232
anything,101.127,101.448,0.3209999999999979,17,4,36,3.961796760559082,0.2509506736474468,0.0799999999999983
on,101.548,101.628,0.0799999999999983,17,5,36,3.8807880878448486,0.24581863686741118,0.10000000000000853
it.,101.688,101.768,0.0799999999999983,17,6,36,2.0575850009918213,0.13031562977320651,0.060000000000002274
And,101.788,101.848,0.0600000000000022,18,0,36,3.5207451790054574,0.22300930808019712,0.0
I,101.908,101.968,0.0600000000000022,18,1,36,2.585564613342285,0.16376403349227453,0.060000000000002274
was,101.988,102.108,0.1200000000000045,18,2,36,3.2928318977355957,0.20857061524712692,0.01999999999999602
just,102.148,102.328,0.1800000000000068,18,3,36,3.0998623371124268,0.19634566636987646,0.03999999999999204
"like,",102.388,102.568,0.1799999999999926,18,4,36,1.0964200496673584,0.06942420029282209,0.060000000000002274
no,102.788,103.009,0.2210000000000036,18,5,36,5.700676918029785,0.36111168018182255,0.21999999999999886
way.,103.329,103.589,0.2600000000000051,18,6,36,1.6785143613815308,0.10630086197699469,0.3199999999999932
Translate,104.885,105.505,0.6199999999999903,19,0,36,3.5207451790054574,0.22300930808019712,0.0
espagnol,105.705,106.386,0.6809999999999974,19,1,36,7.781103610992432,0.49291023888819446,0.20000000000000284
no,106.446,106.606,0.1599999999999966,19,2,36,7.084785461425781,0.44879730339067814,0.060000000000002274
way,106.686,106.906,0.2199999999999988,19,3,36,8.346433639526367,0.5287248548062872,0.0800000000000125
Jose.,106.946,107.466,0.519999999999996,19,4,36,6.389115810394287,0.4047254513750004,0.03999999999999204
For,109.967,110.088,0.1209999999999951,20,0,36,3.5207451790054574,0.22300930808019712,0.0
the,110.108,110.208,0.0999999999999943,20,1,36,2.3520145416259766,0.14896824042631238,0.020000000000010232
"parents,",110.248,110.568,0.3199999999999932,20,2,36,4.631140232086182,0.2933547175511342,0.04000000000000625
that's,110.608,110.848,0.2399999999999948,20,3,36,2.6016621589660645,0.1647838403035892,0.04000000000000625
Kanye,111.148,111.528,0.3800000000000096,20,4,36,13.545919418334961,0.8581210954810142,0.29999999999999716
West,111.568,111.808,0.2400000000000091,20,5,36,1.2135303020477295,0.0768433333609006,0.03999999999999204
reference.,111.848,112.229,0.3810000000000002,20,6,36,6.254284858703613,0.39618368195724063,0.03999999999999204
But,118.532,118.652,0.1200000000000045,21,0,36,3.5207451790054574,0.22300930808019712,0.0
it,118.672,118.712,0.0400000000000062,21,1,36,2.7855494022369385,0.1764334089760021,0.01999999999999602
was,118.732,118.832,0.0999999999999943,21,2,36,2.1324479579925537,0.13505832504171544,0.01999999999999602
kind,118.852,119.012,0.1599999999999966,21,3,36,7.233318328857422,0.4582071124044901,0.020000000000010232
of,119.052,119.092,0.039999999999992,21,4,36,0.016820622608065605,0.0010297459494147169,0.04000000000000625
at,119.132,119.212,0.0799999999999983,21,5,36,6.680449485778809,0.42318193371499085,0.04000000000000625
that,119.232,119.372,0.1400000000000005,21,6,36,2.340287685394287,0.14822532419921258,0.01999999999999602
point,119.412,119.572,0.1599999999999966,21,7,36,0.7999011874198914,0.05063922757272295,0.04000000000000625
in,119.592,119.632,0.0400000000000062,21,8,36,2.879087209701538,0.18235918768769144,0.01999999999999602
my,119.652,119.772,0.1200000000000045,21,9,36,2.011582851409912,0.12740131559294743,0.01999999999999602
life,119.812,120.012,0.2000000000000028,21,10,36,0.4560612738132477,0.028856386008358943,0.03999999999999204
where,120.052,120.212,0.1599999999999966,21,11,36,1.550490379333496,0.09819032562843787,0.04000000000000625
I,120.232,120.252,0.019999999999996,21,12,36,0.23880979418754578,0.015093136388292494,0.01999999999999602
was,120.312,120.412,0.1000000000000085,21,13,36,1.7566661834716797,0.1112519124257323,0.060000000000002274
"like,",120.452,120.653,0.2010000000000076,21,14,36,0.7644487619400024,0.048393256303127095,0.03999999999999204
for,121.173,121.293,0.1200000000000045,21,15,36,7.419667720794678,0.4700126623698981,0.519999999999996
those,121.313,121.493,0.1799999999999926,21,16,36,5.021864414215088,0.3181077570264071,0.01999999999999602
of,121.533,121.573,0.039999999999992,21,17,36,1.442600131034851,0.09135529545297696,0.04000000000000625
you,121.613,121.793,0.1800000000000068,21,18,36,0.952573299407959,0.06031126474795756,0.04000000000000625
who,121.833,121.913,0.0799999999999983,21,19,36,0.44256192445755005,0.02800117933629829,0.03999999999999204
are,121.953,122.053,0.0999999999999943,21,20,36,1.4050288200378418,0.08897508919295107,0.04000000000000625
Phineas,122.113,122.413,0.2999999999999971,21,21,36,6.3392109870910645,0.40156389619686794,0.060000000000002274
and,122.473,122.553,0.0799999999999983,21,22,36,0.5568900108337402,0.0352440574703898,0.060000000000002274
Ferb,122.593,122.874,0.2809999999999917,21,23,36,0.0005661887116730213,0.0,0.04000000000000625
"fans,",122.914,123.234,0.3199999999999932,21,24,36,0.3747936487197876,0.023707944156002775,0.04000000000000625
it,123.254,123.314,0.059999999999988,21,25,36,3.098104238510132,0.19623428784227445,0.020000000000010232
was,123.334,123.454,0.1199999999999903,21,26,36,1.511371374130249,0.09571207031607556,0.020000000000010232
like,123.474,123.634,0.1599999999999966,21,27,36,2.1865005493164062,0.13848264835718074,0.020000000000010232
that,123.674,123.834,0.1599999999999966,21,28,36,4.434061527252197,0.28086944742039566,0.04000000000000625
time,123.874,124.214,0.3400000000000034,21,29,36,4.018641471862793,0.2545518824981368,0.03999999999999204
when,124.434,124.594,0.1599999999999966,21,30,36,2.1207261085510254,0.13431572600326222,0.21999999999999886
Phineas,124.654,124.955,0.3010000000000019,21,31,36,1.0776668787002563,0.06823615511295639,0.060000000000002274
"goes,",124.995,125.255,0.2599999999999909,21,32,36,4.480002403259277,0.2837798798157899,0.04000000000000625
I,125.315,125.395,0.0799999999999983,21,33,36,3.8619258403778076,0.2446236815063171,0.060000000000002274
know,125.455,125.595,0.1400000000000005,21,34,36,3.506779193878174,0.22212453924074846,0.060000000000002274
what,125.615,125.715,0.1000000000000085,21,35,36,1.8993967771530151,0.1202941375587486,0.01999999999999602
I'm,125.755,125.855,0.1000000000000085,21,36,36,1.1112762689590454,0.07036536697612485,0.03999999999999204
gonna,125.875,126.075,0.2000000000000028,21,37,36,3.424478054046631,0.21691062247723975,0.01999999999999602
do,126.095,126.195,0.0999999999999943,21,38,36,0.3498087525367737,0.022125108616789332,0.01999999999999602
today.,126.235,126.475,0.2399999999999948,21,39,36,2.922457218170166,0.18510675126519402,0.04000000000000625
I'm,127.416,127.556,0.1400000000000005,22,0,36,3.5207451790054574,0.22300930808019712,0.0
gonna,127.576,127.776,0.2000000000000028,22,1,36,4.545476913452148,0.28792780105935806,0.01999999999999602
major,127.816,128.096,0.2800000000000011,22,2,36,11.850736618041992,0.7507283906199368,0.04000000000000625
in,128.136,128.196,0.0600000000000022,22,3,36,0.4674781262874603,0.029579662971759988,0.03999999999999204
computer,128.236,128.636,0.4000000000000057,22,4,36,4.370120048522949,0.27681864631955616,0.03999999999999204
science.,128.656,129.077,0.4209999999999922,22,5,36,1.0484751462936401,0.06638680936559187,0.020000000000010232
And,130.197,130.277,0.079999999999984,23,0,36,3.5207451790054574,0.22300930808019712,0.0
so,130.357,130.497,0.1400000000000147,23,1,36,4.205244064331055,0.26637347314652743,0.0800000000000125
I,130.537,130.637,0.0999999999999943,23,2,36,2.4366912841796875,0.15433265565049734,0.03999999999999204
ran,130.757,131.078,0.3209999999999979,23,3,36,6.742979049682617,0.427143287617504,0.12000000000000455
over,131.138,131.298,0.1599999999999966,23,4,36,4.170352458953857,0.26416303078140024,0.060000000000002274
to,131.318,131.438,0.1199999999999761,23,5,36,0.6702854037284851,0.04242784789089585,0.020000000000010232
Carmen.,131.478,131.858,0.3799999999999954,23,6,36,6.794955730438232,0.430436098478422,0.040000000000020464
And,133.128,133.268,0.1400000000000147,24,0,36,3.5207451790054574,0.22300930808019712,0.0
I,133.288,133.308,0.0199999999999818,24,1,36,2.585564613342285,0.16376403349227453,0.020000000000010232
was,133.628,133.748,0.1200000000000045,24,2,36,3.2928318977355957,0.20857061524712692,0.3199999999999932
just,133.848,134.028,0.1799999999999784,24,3,36,3.0998623371124268,0.19634566636987646,0.10000000000002274
so,134.149,134.329,0.1800000000000068,24,4,36,3.0462894439697266,0.19295173274759472,0.12100000000000932
excited,134.389,134.769,0.3799999999999954,24,5,36,2.355555534362793,0.14919256832052794,0.060000000000002274
to,134.809,134.889,0.0800000000000125,24,6,36,1.1290265321731567,0.07148987624924279,0.03999999999999204
tell,134.909,135.069,0.1599999999999966,24,7,36,5.299967288970947,0.3357260457115634,0.01999999999998181
my,135.129,135.229,0.1000000000000227,24,8,36,1.7666205167770386,0.11188253631984357,0.060000000000002274
friends.,135.289,135.529,0.2400000000000091,24,9,36,2.5564470291137695,0.16191938515772317,0.05999999999997385
I,135.569,135.609,0.0400000000000204,25,0,36,3.5207451790054574,0.22300930808019712,0.0
was,135.629,135.729,0.1000000000000227,25,1,36,3.22450852394104,0.20424221366367307,0.01999999999998181
"like,",135.769,135.949,0.1800000000000068,25,2,36,2.3888626098632812,0.1513026280311334,0.03999999999999204
"man,",136.009,136.149,0.1400000000000147,25,3,36,2.8456010818481445,0.18023778470691657,0.05999999999997385
they're,136.169,136.309,0.1399999999999863,25,4,36,2.447953939437866,0.15504616395879578,0.020000000000010232
going,136.329,136.429,0.0999999999999943,25,5,36,2.1355865001678467,0.13525715701043708,0.020000000000010232
to,136.449,136.489,0.039999999999992,25,6,36,0.06901542842388153,0.004336375402763599,0.020000000000010232
be,136.509,136.569,0.0600000000000022,25,7,36,1.9972209930419922,0.12649146751243595,0.01999999999998181
just,136.609,136.93,0.3209999999999979,25,8,36,5.42903995513916,0.3439030179773507,0.040000000000020464
so,136.97,137.13,0.1599999999999966,25,9,36,3.9804224967956543,0.2521306456210468,0.03999999999999204
fired,137.17,137.43,0.2600000000000193,25,10,36,6.657756805419922,0.42174431393506656,0.03999999999999204
up,137.47,137.55,0.0800000000000125,25,11,36,0.023592351004481316,0.0014587464259119807,0.03999999999999204
for,137.57,137.67,0.0999999999999943,25,12,36,3.0866780281066895,0.19551041803818878,0.01999999999998181
me.,137.71,137.79,0.079999999999984,25,13,36,2.061969041824341,0.1305933661938122,0.040000000000020464
I,137.81,137.91,0.0999999999999943,26,0,36,3.5207451790054574,0.22300930808019712,0.0
figured,137.95,138.19,0.2400000000000091,26,1,36,7.537848472595215,0.47749961339145275,0.03999999999999204
it,138.23,138.27,0.0400000000000204,26,2,36,1.9310040473937988,0.12229651172385113,0.03999999999999204
out.,138.35,138.45,0.0999999999999943,26,3,36,2.0194478034973145,0.12789957364401008,0.07999999999998408
I'm,138.47,138.55,0.0800000000000125,27,0,36,3.5207451790054574,0.22300930808019712,0.0
not,138.57,138.65,0.0800000000000125,27,1,36,1.6987144947052002,0.10758057467571269,0.01999999999998181
going,138.67,138.77,0.1000000000000227,27,2,36,2.054168224334717,0.1300991711782696,0.01999999999998181
to,138.79,138.83,0.0400000000000204,27,3,36,0.07206550985574722,0.004529603233389297,0.01999999999998181
be,138.85,138.93,0.0800000000000125,27,4,36,2.9311797618865967,0.18565933920014394,0.01999999999998181
stressed,138.97,139.251,0.2810000000000059,27,5,36,8.963746070861816,0.5678326440866082,0.03999999999999204
anymore.,139.311,139.571,0.2599999999999909,27,6,36,3.478031635284424,0.22030333265759908,0.060000000000002274
And,139.591,139.651,0.0600000000000022,28,0,36,3.5207451790054574,0.22300930808019712,0.0
I'm,139.671,139.771,0.0999999999999943,28,1,36,2.3526155948638916,0.14900631816811938,0.01999999999998181
"like,",139.811,139.991,0.1800000000000068,28,2,36,2.5941271781921387,0.16430648649475615,0.040000000000020464
"guys,",140.291,140.611,0.3199999999999932,28,3,36,4.444056034088135,0.28150261637578994,0.29999999999998295
I'm,140.691,140.771,0.079999999999984,28,4,36,1.325823426246643,0.08395729319044705,0.0800000000000125
going,140.791,140.891,0.0999999999999943,28,5,36,2.589282989501953,0.1639995989271106,0.020000000000010232
to,140.911,140.951,0.039999999999992,28,6,36,0.1129138171672821,0.007117412766629081,0.020000000000010232
major,141.071,141.331,0.2599999999999909,28,7,36,11.694852828979492,0.7408528882561078,0.12000000000000455
in,141.351,141.431,0.0800000000000125,28,8,36,0.2214469611644745,0.013993171474728831,0.020000000000010232
computer,141.451,141.852,0.4010000000000104,28,9,36,4.157635688781738,0.2633574018276116,0.01999999999998181
science.,141.892,142.252,0.3600000000000136,28,10,36,0.5663030743598938,0.03584039100617607,0.03999999999999204
And,142.712,142.792,0.0800000000000125,29,0,36,3.5207451790054574,0.22300930808019712,0.0
one,142.832,142.912,0.0800000000000125,29,1,36,5.932107925415039,0.3757732269291887,0.03999999999999204
of,142.932,142.992,0.0600000000000022,29,2,36,1.4696658849716187,0.09306995685932883,0.01999999999998181
my,143.032,143.132,0.0999999999999943,29,3,36,2.99204683303833,0.1895153713677819,0.040000000000020464
friends,143.192,143.432,0.2399999999999806,29,4,36,2.7894446849823,0.1766801817430162,0.060000000000002274
"said,",143.472,143.712,0.2399999999999806,29,5,36,1.7769187688827515,0.11253494805312843,0.040000000000020464
"wow,",144.032,144.273,0.2409999999999854,29,6,36,4.159396648406982,0.2634689616058688,0.3200000000000216
that's,144.333,144.573,0.2400000000000091,29,7,36,1.3771111965179443,0.0872064604040223,0.060000000000002274
the,144.613,144.713,0.0999999999999943,29,8,36,3.4055817127227783,0.21571350721250487,0.03999999999999204
stupidest,144.773,145.173,0.4000000000000057,29,9,36,3.2952566146850586,0.2087242251773836,0.060000000000002274
thing,145.193,145.333,0.1399999999999863,29,10,36,0.31657010316848755,0.020019383817686677,0.020000000000010232
I've,145.353,145.493,0.1399999999999863,29,11,36,0.26405438780784607,0.01669242420051794,0.020000000000010232
ever,145.533,145.673,0.1400000000000147,29,12,36,0.2161412537097931,0.01365704591077116,0.03999999999999204
heard.,145.713,145.913,0.200000000000017,29,13,36,0.670627772808075,0.04244953755263121,0.03999999999999204
And,148.114,148.194,0.079999999999984,30,0,36,3.5207451790054574,0.22300930808019712,0.0
I'm,148.234,148.334,0.0999999999999943,30,1,36,2.3526155948638916,0.14900631816811938,0.040000000000020464
"like,",148.394,148.554,0.1599999999999966,30,2,36,2.5941271781921387,0.16430648649475615,0.060000000000002274
why?,148.614,148.914,0.2999999999999829,30,3,36,3.580453872680664,0.22679195507047673,0.060000000000002274
He's,148.954,149.215,0.2609999999999957,31,0,36,3.5207451790054574,0.22300930808019712,0.0
"like,",149.235,149.395,0.1599999999999966,31,1,36,3.600557565689087,0.22806555811169338,0.020000000000010232
you're,149.555,149.815,0.2599999999999909,31,2,36,3.344158411026001,0.21182223689665758,0.1599999999999966
at,149.935,150.035,0.0999999999999943,31,3,36,6.321441650390625,0.40043817858604885,0.12000000000000455
Columbia,150.095,150.595,0.5,31,4,36,8.368021965026855,0.5300925118333157,0.060000000000002274
University.,150.675,151.315,0.6399999999999864,31,5,36,1.992771029472351,0.12620955477465073,0.0800000000000125
That's,152.416,152.676,0.2599999999999909,32,0,36,3.5207451790054574,0.22300930808019712,0.0
like,152.756,152.956,0.1999999999999886,32,1,36,6.023036956787109,0.3815337352518054,0.0800000000000125
a,152.996,153.036,0.039999999999992,32,2,36,2.2299399375915527,0.1412346072630712,0.040000000000020464
trade.,153.176,153.756,0.5800000000000125,32,3,36,5.457607269287109,0.3457128057692243,0.13999999999998636
You,154.077,154.197,0.1200000000000045,33,0,36,3.5207451790054574,0.22300930808019712,0.0
can,154.237,154.357,0.1200000000000045,33,1,36,1.5713695287704468,0.09951305514931624,0.03999999999999204
learn,154.397,154.577,0.1800000000000068,33,2,36,4.9306230545043945,0.31232746217393426,0.03999999999999204
that,154.597,154.757,0.1599999999999966,33,3,36,6.033869743347168,0.38222001064916455,0.020000000000010232
at,154.797,154.857,0.0600000000000022,33,4,36,3.9882402420043945,0.25262591303629917,0.03999999999999204
DeVry.,154.897,155.477,0.5800000000000125,33,5,36,4.586649417877197,0.2905361490294687,0.03999999999999204
They'll,155.517,155.737,0.2199999999999988,34,0,36,3.5207451790054574,0.22300930808019712,0.0
teach,155.757,155.917,0.1599999999999966,34,1,36,6.69636344909668,0.4241901102759321,0.020000000000010232
you,155.957,156.037,0.0800000000000125,34,2,36,0.5771471261978149,0.03652738007798993,0.03999999999999204
how,156.077,156.157,0.0800000000000125,34,3,36,1.2204262018203735,0.07728020030463502,0.03999999999999204
to,156.177,156.237,0.0600000000000022,34,4,36,0.07072946429252625,0.004444962481473252,0.01999999999998181
build,156.297,156.558,0.2609999999999957,34,5,36,4.275731086730957,0.2708389455379537,0.060000000000002274
"computers,",156.598,157.198,0.5999999999999943,34,6,36,3.946269989013672,0.24996702634183857,0.040000000000020464
fix,157.778,158.018,0.2400000000000091,34,7,36,7.474545478820801,0.4734892613951587,0.5799999999999841
some,158.038,158.198,0.1599999999999966,34,8,36,7.86470890045166,0.4982067757420182,0.020000000000010232
program.,158.338,158.918,0.5800000000000125,34,9,36,7.0115861892700195,0.44416000537815065,0.13999999999998636
You,161.039,161.139,0.1000000000000227,35,0,36,3.5207451790054574,0.22300930808019712,0.0
should,161.159,161.339,0.1800000000000068,35,1,36,4.268247604370117,0.2703648542409137,0.01999999999998181
major,161.379,161.62,0.2410000000000138,35,2,36,12.218218803405762,0.7740090101894928,0.03999999999999204
in,161.66,161.76,0.0999999999999943,35,3,36,0.14564451575279236,0.009190958022328409,0.03999999999999204
something,161.8,162.06,0.2599999999999909,35,4,36,3.1309914588928223,0.19831774901923369,0.040000000000020464
real.,162.12,162.38,0.2599999999999909,35,5,36,4.037519454956055,0.25574783473783436,0.060000000000002274
And,163.829,163.929,0.0999999999999943,36,0,36,3.5207451790054574,0.22300930808019712,0.0
I,163.969,164.009,0.039999999999992,36,1,36,2.585564613342285,0.16376403349227453,0.03999999999999204
was,164.049,164.189,0.1399999999999863,36,2,36,3.2928318977355957,0.20857061524712692,0.040000000000020464
just,164.269,164.449,0.1800000000000068,36,3,36,3.0998623371124268,0.19634566636987646,0.0800000000000125
thinking,164.509,164.769,0.2600000000000193,36,4,36,3.0443115234375,0.19282642812798712,0.05999999999997385
to,164.809,164.849,0.039999999999992,36,5,36,2.7437500953674316,0.1737853520081879,0.03999999999999204
"myself,",164.909,165.229,0.3200000000000216,36,6,36,0.19869931042194366,0.012552069227789278,0.060000000000002274
I,165.289,165.329,0.0400000000000204,36,7,36,2.4318127632141113,0.15402359307498978,0.05999999999997385
was,165.369,165.47,0.100999999999999,36,8,36,4.213688850402832,0.2669084646637046,0.03999999999999204
"like,",165.51,165.67,0.1599999999999966,36,9,36,1.3013410568237305,0.08240629357360317,0.03999999999999204
I'm,165.85,165.97,0.1200000000000045,36,10,36,2.0318729877471924,0.12868673013519266,0.18000000000000682
talking,166.01,166.21,0.200000000000017,36,11,36,6.44083309173584,0.40800182884318303,0.03999999999999204
about,166.23,166.41,0.1800000000000068,36,12,36,1.5581843852996826,0.09867775395285411,0.01999999999998181
a,166.45,166.47,0.0200000000000102,36,13,36,2.461763620376587,0.15592103066285942,0.03999999999999204
limitless,166.59,167.07,0.4799999999999897,36,14,36,12.202667236328125,0.773023792044873,0.12000000000000455
machine.,167.11,167.43,0.3199999999999932,36,15,36,4.397709369659424,0.27856647659580414,0.040000000000020464
You're,167.45,167.63,0.1800000000000068,37,0,36,3.5207451790054574,0.22300930808019712,0.0
like,167.65,167.75,0.0999999999999943,37,1,36,5.228756427764893,0.3312147169043791,0.020000000000010232
talking,167.79,167.97,0.1800000000000068,37,2,36,8.771811485290527,0.5556732626338655,0.03999999999999204
about,167.99,168.13,0.1399999999999863,37,3,36,2.502185583114624,0.15848183054443046,0.020000000000010232
a,168.15,168.21,0.0600000000000022,37,4,36,1.541242241859436,0.09760444043771109,0.020000000000010232
washing,168.27,168.61,0.3400000000000034,37,5,36,8.564287185668945,0.5425262463611009,0.060000000000002274
machine.,168.65,168.991,0.3410000000000082,37,6,36,0.948506772518158,0.06005364337402045,0.03999999999999204
But,171.551,171.671,0.1200000000000045,38,0,36,3.5207451790054574,0.22300930808019712,0.0
I,171.691,171.711,0.0200000000000102,38,1,36,2.919903039932251,0.1849449397427909,0.020000000000010232
was,172.071,172.172,0.100999999999999,38,2,36,3.529754161834717,0.22358004241864957,0.3599999999999852
so,172.212,172.352,0.1400000000000147,38,3,36,3.815016984939575,0.24165192597259036,0.03999999999999204
"frustrated,",172.392,172.832,0.4399999999999977,38,4,36,3.794050693511963,0.24032367585883993,0.03999999999999204
I,172.872,172.912,0.039999999999992,38,5,36,1.238327145576477,0.07841425544559193,0.040000000000020464
couldn't,172.952,173.132,0.1800000000000068,38,6,36,1.2764341831207275,0.08082840089079843,0.03999999999999204
even,173.152,173.312,0.160000000000025,38,7,36,2.406447410583496,0.152416654974694,0.01999999999998181
really,173.372,173.572,0.1999999999999886,38,8,36,5.913771629333496,0.37461159148020334,0.060000000000002274
explain,173.612,173.932,0.3199999999999932,38,9,36,5.22736930847168,0.33112684054506414,0.03999999999999204
to,173.952,174.012,0.0600000000000022,38,10,36,2.3664727210998535,0.14988419061221459,0.020000000000010232
him,174.052,174.152,0.0999999999999943,38,11,36,1.971787691116333,0.12488022470907992,0.03999999999999204
why.,174.232,174.512,0.2800000000000011,38,12,36,1.9240106344223022,0.12185346715361967,0.0800000000000125
But,175.793,175.913,0.1200000000000045,39,0,36,3.5207451790054574,0.22300930808019712,0.0
it,175.933,175.993,0.0600000000000022,39,1,36,2.7855494022369385,0.1764334089760021,0.01999999999998181
was,176.033,176.153,0.1200000000000045,39,2,36,2.1324479579925537,0.13505832504171544,0.03999999999999204
at,176.213,176.293,0.0800000000000125,39,3,36,5.371860027313232,0.3402805725915632,0.060000000000002274
that,176.333,176.493,0.1599999999999966,39,4,36,1.9366247653961182,0.1226525937401541,0.03999999999999204
point,176.593,176.873,0.2800000000000011,39,5,36,1.2678948640823364,0.08028742054989005,0.09999999999999432
at,177.033,177.093,0.0600000000000022,39,6,36,7.139829158782959,0.4522844149539386,0.1599999999999966
my,177.153,177.513,0.3600000000000136,39,7,36,6.061734199523926,0.3839852711967514,0.060000000000002274
height,177.573,177.753,0.1799999999999784,39,8,36,6.965257167816162,0.44122498331053833,0.060000000000002274
of,177.793,177.853,0.0600000000000022,39,9,36,4.408166885375977,0.27922897794889345,0.040000000000020464
frustration,177.873,178.393,0.5200000000000102,39,10,36,6.741107940673828,0.4270247496890227,0.01999999999998181
that,178.413,178.553,0.1399999999999863,39,11,36,0.575767457485199,0.03643997572558946,0.020000000000010232
I,178.573,178.613,0.039999999999992,39,12,36,0.27003392577171326,0.01707123806982349,0.020000000000010232
learned,178.653,178.833,0.1800000000000068,39,13,36,4.543817520141602,0.2878226756793594,0.03999999999999204
the,178.853,178.914,0.0609999999999786,39,14,36,2.059800624847412,0.13045599330141452,0.020000000000010232
most,178.954,179.114,0.1599999999999966,39,15,36,2.721275568008423,0.17236155259072028,0.040000000000020464
valuable,179.174,179.614,0.4399999999999977,39,16,36,2.591765880584717,0.16415689428735575,0.060000000000002274
lesson,179.654,179.994,0.3400000000000034,39,17,36,0.40922725200653076,0.025889371312081483,0.03999999999999204
that,180.634,180.774,0.1400000000000147,39,18,36,3.9898877143859863,0.2527302832052346,0.6399999999999864
I,180.814,180.874,0.0600000000000022,39,19,36,0.798673152923584,0.05056142950504649,0.03999999999999204
learned,180.914,181.134,0.2199999999999988,39,20,36,4.362317085266113,0.2763243153660222,0.03999999999999204
at,181.174,181.254,0.079999999999984,39,21,36,3.6026175022125244,0.22819605858341585,0.040000000000020464
"Columbia,",181.294,181.674,0.3799999999999954,39,22,36,4.884707450866699,0.3094186308259941,0.040000000000020464
which,181.694,181.874,0.1800000000000068,39,23,36,2.221674680709839,0.14071098922450598,0.01999999999998181
is,181.974,182.074,0.1000000000000227,39,24,36,1.0998528003692627,0.06964167087058372,0.09999999999999432
don't,182.555,182.775,0.2199999999999988,39,25,36,2.897742986679077,0.18354106279317073,0.48099999999999454
listen,182.795,183.035,0.2400000000000091,39,26,36,4.741205215454102,0.3003275208808563,0.01999999999998181
to,183.055,183.115,0.0600000000000022,39,27,36,0.06640665978193283,0.004171105485697894,0.020000000000010232
your,183.155,183.275,0.1200000000000045,39,28,36,2.801624298095703,0.17745178088629668,0.03999999999999204
friends.,183.315,183.595,0.2800000000000011,39,29,36,1.906193494796753,0.12072472114643712,0.03999999999999204
And,193.542,194.042,0.5,40,0,36,3.5207451790054574,0.22300930808019712,0.0
the,194.062,195.664,1.6019999999999754,40,1,36,2.7460460662841797,0.17393080565896193,0.020000000000010232
more,195.824,195.964,0.1399999999999863,40,2,36,5.535539150238037,0.35064992257384575,0.160000000000025
generalized,196.024,196.604,0.5800000000000125,40,3,36,11.441563606262207,0.7248065865032419,0.060000000000002274
case,196.884,197.145,0.2610000000000241,40,4,36,5.310552597045898,0.3363966429272503,0.2799999999999727
of,197.205,197.265,0.0599999999999738,40,5,36,1.3413445949554443,0.08494058554685557,0.060000000000002274
don't,197.305,197.465,0.1599999999999966,40,6,36,5.595224857330322,0.35443111332511973,0.040000000000020464
listen,197.505,197.725,0.2199999999999988,40,7,36,6.733419418334961,0.4265376687616955,0.03999999999999204
to,197.765,197.825,0.0600000000000022,40,8,36,0.2558472454547882,0.016172487815885872,0.03999999999999204
your,197.845,197.985,0.1400000000000147,40,9,36,3.2754039764404297,0.20746652688115813,0.020000000000010232
friends,198.025,198.265,0.2399999999999806,40,10,36,3.2755093574523926,0.2074732029469569,0.03999999999999204
is,198.365,198.465,0.0999999999999943,40,11,36,1.8039764165878296,0.1142490959159573,0.10000000000002274
think,198.606,198.786,0.1800000000000068,40,12,36,10.790447235107422,0.6835572603152008,0.14099999999999113
for,198.806,198.906,0.0999999999999943,40,13,36,5.039329528808594,0.3192142016508931,0.020000000000010232
yourself.,198.946,199.346,0.4000000000000057,40,14,36,1.1755142211914062,0.07443495017610638,0.03999999999999204
And,200.907,201.007,0.0999999999999943,41,0,36,3.5207451790054574,0.22300930808019712,0.0
thinking,201.047,201.347,0.3000000000000113,41,1,36,9.46131706237793,0.5993546101129793,0.03999999999999204
for,201.367,201.488,0.1210000000000093,41,2,36,5.615067481994629,0.3556881772440521,0.01999999999998181
yourself,201.508,201.928,0.4199999999999875,41,3,36,2.8968021869659424,0.1834814615360623,0.020000000000010232
sounds,202.328,202.688,0.3599999999999852,41,4,36,7.337455749511719,0.46480439458514217,0.4000000000000057
both,202.808,203.009,0.2009999999999934,41,5,36,6.963385581970215,0.44110641517361454,0.12000000000000455
simple,203.049,203.429,0.3799999999999954,41,6,36,4.66748571395874,0.29565726545753035,0.040000000000020464
and,203.649,203.729,0.0800000000000125,41,7,36,0.045510921627283096,0.0028473250414243747,0.21999999999999886
"trivial,",203.789,204.229,0.4400000000000261,41,8,36,4.850401878356934,0.3072453146367342,0.05999999999997385
but,204.67,204.83,0.160000000000025,41,9,36,0.5240237712860107,0.033161925464901786,0.4409999999999741
in,204.89,204.95,0.0600000000000022,41,10,36,2.8749637603759766,0.1820979601809275,0.05999999999997385
"reality,",204.99,205.55,0.5600000000000023,41,11,36,1.823060154914856,0.1154580830986058,0.040000000000020464
it's,205.951,206.071,0.1200000000000045,41,12,36,0.8533954620361328,0.05402818057804284,0.40099999999998204
extremely,206.131,206.531,0.4000000000000057,41,13,36,4.230082035064697,0.2679470007093868,0.060000000000002274
difficult,206.591,206.991,0.4000000000000057,41,14,36,0.5880493521690369,0.037218054579792256,0.060000000000002274
and,207.031,207.111,0.079999999999984,41,15,36,2.5623950958251953,0.16229620526982183,0.03999999999999204
it's,207.151,207.231,0.079999999999984,41,16,36,2.558494806289673,0.16204911531416116,0.040000000000020464
profound.,207.271,207.732,0.4610000000000127,41,17,36,5.647866249084473,0.35776603475492236,0.03999999999999204
And,208.232,208.312,0.0800000000000125,42,0,36,3.5207451790054574,0.22300930808019712,0.0
here's,208.352,208.552,0.1999999999999886,42,1,36,3.112715244293213,0.19715991983400696,0.03999999999999204
why.,208.612,208.813,0.2009999999999934,42,2,36,2.8180434703826904,0.1784919632920967,0.060000000000002274
As,209.733,209.833,0.0999999999999943,43,0,36,3.5207451790054574,0.22300930808019712,0.0
human,209.873,210.133,0.2600000000000193,43,1,36,8.5651273727417,0.5425794736368359,0.03999999999999204
"beings,",210.173,210.534,0.36099999999999,43,2,36,0.53922039270401,0.034124657200114455,0.03999999999999204
we,211.134,211.294,0.160000000000025,43,3,36,0.40579837560653687,0.02567214617791541,0.5999999999999943
want,211.314,211.474,0.1599999999999966,43,4,36,4.485551834106445,0.28413144566993487,0.01999999999998181
to,211.494,211.554,0.0600000000000022,43,5,36,0.3957161605358124,0.02503342075712357,0.020000000000010232
be,211.594,211.674,0.0800000000000125,43,6,36,1.6624466180801392,0.10528294319333803,0.03999999999999204
liked.,211.735,211.975,0.2399999999999806,43,7,36,2.379481554031372,0.15070832223705186,0.06100000000000705
It's,212.135,212.255,0.1200000000000045,44,0,36,3.5207451790054574,0.22300930808019712,0.0
anthropological.,212.315,213.456,1.1409999999999911,44,1,36,6.032088756561279,0.3821071821163211,0.060000000000002274
If,213.556,213.616,0.0600000000000022,45,0,36,3.5207451790054574,0.22300930808019712,0.0
people,213.656,213.896,0.2399999999999806,45,1,36,6.0553741455078125,0.3835823509903082,0.03999999999999204
didn't,213.916,214.076,0.1599999999999966,45,2,36,2.5885555744171143,0.16395351594803362,0.020000000000010232
like,214.096,214.316,0.2199999999999988,45,3,36,2.644629716873169,0.16750590795559783,0.020000000000010232
you,214.356,214.596,0.2400000000000091,45,4,36,4.826623916625977,0.30573894044161537,0.03999999999999204
in,214.877,214.957,0.079999999999984,45,5,36,4.011620044708252,0.25410706318190684,0.2810000000000059
caveman,215.017,215.457,0.4399999999999977,45,6,36,6.879064559936523,0.4357645354475557,0.060000000000002274
"days,",215.477,215.737,0.2599999999999909,45,7,36,0.5085769891738892,0.03218334562552768,0.020000000000010232
they,215.777,215.897,0.1200000000000045,45,8,36,1.3927593231201172,0.08819779575825401,0.03999999999999204
would,215.917,216.057,0.1399999999999863,45,9,36,2.2176754474639893,0.14045763101702066,0.020000000000010232
just,216.097,216.238,0.1409999999999911,45,10,36,3.945629835128784,0.24992647150774425,0.040000000000020464
eat,216.338,216.478,0.1400000000000147,45,11,36,5.002280235290527,0.3168670660833251,0.09999999999999432
you.,216.498,216.618,0.1200000000000045,45,12,36,0.930571436882019,0.05891740944914618,0.01999999999998181
So,218.412,218.572,0.1599999999999966,46,0,36,3.5207451790054574,0.22300930808019712,0.0
you,218.612,218.752,0.1400000000000147,46,1,36,3.296673536300659,0.2088139895643566,0.03999999999999204
really,218.852,219.172,0.3199999999999932,46,2,36,5.330059051513672,0.3376324098942002,0.09999999999999432
have,219.272,219.452,0.1800000000000068,46,3,36,1.9825220108032227,0.12556026206305695,0.09999999999999432
a,219.492,219.512,0.0200000000000102,46,4,36,2.9168739318847656,0.18475304061162953,0.03999999999999204
natural,219.613,220.013,0.4000000000000057,46,5,36,7.532041549682617,0.4771317349783425,0.10099999999999909
built,220.073,220.293,0.2199999999999988,46,6,36,8.305459976196289,0.5261291037567107,0.060000000000002274
and,220.353,220.413,0.0600000000000022,46,7,36,6.632597923278809,0.4201504560903856,0.060000000000002274
instinct,220.473,220.813,0.339999999999975,46,8,36,5.697367191314697,0.3609020033822332,0.060000000000002274
to,220.833,220.913,0.0800000000000125,46,9,36,4.2255167961120605,0.2676577850806204,0.020000000000010232
want,220.933,221.033,0.0999999999999943,46,10,36,5.447854042053223,0.3450949222857494,0.01999999999998181
to,221.073,221.133,0.0600000000000022,46,11,36,0.12455624341964722,0.007854980211373696,0.040000000000020464
be,221.153,221.233,0.0800000000000125,46,12,36,2.0529487133026123,0.13002191308650335,0.01999999999998181
liked.,221.273,221.553,0.2800000000000011,46,13,36,3.919820547103882,0.24829140934745458,0.03999999999999204
And,221.673,221.753,0.079999999999984,47,0,36,3.5207451790054574,0.22300930808019712,0.0
the,221.773,221.853,0.0800000000000125,47,1,36,2.7460460662841797,0.17393080565896193,0.020000000000010232
easiest,221.913,222.193,0.2800000000000011,47,2,36,7.879352569580078,0.499134477012064,0.060000000000002274
way,222.233,222.354,0.1210000000000093,47,3,36,0.43552467226982117,0.027555357477381876,0.03999999999999204
to,222.374,222.454,0.0800000000000125,47,4,36,0.23122183978557587,0.014612426610297321,0.01999999999998181
be,222.494,222.574,0.0800000000000125,47,5,36,5.417789459228516,0.3431902799843367,0.03999999999999204
liked,222.614,222.894,0.2800000000000011,47,6,36,7.129236698150635,0.4516133646116138,0.03999999999999204
is,223.074,223.154,0.079999999999984,47,7,36,0.9546277523040771,0.06044141782259097,0.18000000000000682
to,223.194,223.294,0.1000000000000227,47,8,36,0.26008114218711853,0.016440712353150436,0.03999999999999204
tell,223.354,223.574,0.2199999999999988,47,9,36,4.279757499694824,0.27109402562666307,0.060000000000002274
people,223.614,223.854,0.2400000000000091,47,10,36,1.1721359491348267,0.07422093091290362,0.03999999999999204
what,223.894,223.994,0.0999999999999943,47,11,36,1.6040430068969727,0.10158297539191216,0.03999999999999204
they,224.034,224.134,0.0999999999999943,47,12,36,1.722233533859253,0.10907054568653865,0.03999999999999204
want,224.174,224.274,0.0999999999999943,47,13,36,0.5784158110618591,0.036607753415391936,0.040000000000020464
to,224.314,224.354,0.0400000000000204,47,14,36,0.12976184487342834,0.008184763890428071,0.03999999999999204
hear.,224.394,224.614,0.2199999999999988,47,15,36,0.39203354716300964,0.024800120955477095,0.03999999999999204
And,225.315,225.395,0.0800000000000125,48,0,36,3.5207451790054574,0.22300930808019712,0.0
you,225.415,225.495,0.0800000000000125,48,1,36,4.013903617858887,0.25425173141317514,0.01999999999998181
know,225.515,225.595,0.0800000000000125,48,2,36,2.169753074645996,0.1374216674386999,0.01999999999998181
what,225.635,225.735,0.1000000000000227,48,3,36,0.7659016251564026,0.04848529765145567,0.03999999999999204
everybody,225.775,226.155,0.3799999999999954,48,4,36,8.725164413452148,0.5527180915350869,0.03999999999999204
wants,226.195,226.395,0.200000000000017,48,5,36,3.030268669128418,0.19193678949552712,0.03999999999999204
to,226.455,226.535,0.079999999999984,48,6,36,0.8783441185951233,0.05560872027562413,0.060000000000002274
hear?,226.595,226.795,0.1999999999999886,48,7,36,1.6995036602020264,0.10763056964809711,0.060000000000002274
What,227.676,227.816,0.1400000000000147,49,0,36,3.5207451790054574,0.22300930808019712,0.0
they,227.856,227.976,0.1200000000000045,49,1,36,4.349366188049316,0.2755038540669521,0.03999999999999204
already,228.016,228.336,0.3200000000000216,49,2,36,7.696396827697754,0.4875439205321302,0.03999999999999204
believe,228.376,228.696,0.3199999999999932,49,3,36,5.420062065124512,0.34333425342142687,0.03999999999999204
to,228.736,228.796,0.0600000000000022,49,4,36,4.031010150909424,0.2553354592888798,0.03999999999999204
be,228.856,228.956,0.0999999999999943,49,5,36,0.03865690901875496,0.002413111720563312,0.060000000000002274
true.,229.016,229.236,0.2199999999999988,49,6,36,1.108802318572998,0.07020863802417711,0.060000000000002274
And,230.096,230.177,0.0809999999999888,50,0,36,3.5207451790054574,0.22300930808019712,0.0
so,230.237,230.357,0.1200000000000045,50,1,36,4.205244064331055,0.26637347314652743,0.060000000000002274
the,230.417,230.517,0.0999999999999943,50,2,36,2.403459072113037,0.15222733866536883,0.060000000000002274
last,230.557,230.817,0.2600000000000193,50,3,36,6.1201701164245605,0.38768728562015853,0.03999999999999204
thing,230.877,231.017,0.1399999999999863,50,4,36,2.5504262447357178,0.1615379582581389,0.060000000000002274
they,231.057,231.157,0.1000000000000227,50,5,36,3.9501655101776123,0.2502138142130739,0.03999999999999204
want,231.217,231.357,0.1399999999999863,50,6,36,3.1337080001831055,0.19848984651631774,0.060000000000002274
to,231.377,231.457,0.079999999999984,50,7,36,0.673897385597229,0.04265667306699281,0.020000000000010232
hear,231.497,231.737,0.2399999999999806,50,8,36,2.0162158012390137,0.12769482082055292,0.040000000000020464
is,231.977,232.057,0.079999999999984,50,9,36,0.3318728804588318,0.02098884070741722,0.2400000000000091
an,232.097,232.157,0.0600000000000022,50,10,36,4.382500648498535,0.2776029783213623,0.040000000000020464
original,232.217,232.617,0.3999999999999772,50,11,36,8.037860870361328,0.5091762466435691,0.060000000000002274
idea,232.717,233.058,0.3409999999999797,50,12,36,3.2610716819763184,0.2065585517240834,0.10000000000002274
that,233.558,233.718,0.1599999999999966,50,13,36,2.253260374069214,0.1427119964575841,0.5
contradicts,234.378,235.018,0.6400000000000148,50,14,36,5.714665412902832,0.3619978750518343,0.6599999999999966
their,235.238,235.398,0.1599999999999966,50,15,36,1.1887543201446533,0.07527373289556989,0.21999999999999886
belief,235.418,235.699,0.2810000000000059,50,16,36,4.551948547363281,0.28833779004135285,0.020000000000010232
system.,235.739,236.119,0.3799999999999954,50,17,36,0.5782865285873413,0.036599563151411434,0.03999999999999204
So,236.879,236.979,0.1000000000000227,51,0,36,3.5207451790054574,0.22300930808019712,0.0
it's,237.019,237.139,0.1200000000000045,51,1,36,2.170278549194336,0.13745495714236616,0.03999999999999204
very,237.199,237.419,0.2199999999999988,51,2,36,4.144867420196533,0.26254851036202986,0.060000000000002274
hard,237.459,237.639,0.1800000000000068,51,3,36,2.634218454360962,0.1668463368214338,0.03999999999999204
to,237.659,237.719,0.0600000000000022,51,4,36,0.34744006395339966,0.021975048178529737,0.01999999999998181
even,237.779,237.939,0.1599999999999966,51,5,36,5.740393161773682,0.3636277715684516,0.060000000000002274
bring,237.979,238.16,0.1809999999999831,51,6,36,6.043083190917969,0.38280369817569737,0.040000000000020464
that,238.18,238.32,0.1399999999999863,51,7,36,2.5395498275756836,0.16084891878828844,0.020000000000010232
kind,238.34,238.5,0.1599999999999966,51,8,36,4.170459747314453,0.26416982768096914,0.020000000000010232
of,238.54,238.58,0.0400000000000204,51,9,36,0.004029133357107639,0.0002193834152830809,0.03999999999999204
stuff,238.62,238.86,0.2400000000000091,51,10,36,3.3359904289245605,0.21130478138036815,0.03999999999999204
up.,238.94,239.04,0.0999999999999943,51,11,36,1.1709470748901367,0.07414561371356981,0.07999999999998408
But,239.92,240.14,0.2199999999999988,52,0,36,3.5207451790054574,0.22300930808019712,0.0
those,240.921,241.141,0.2199999999999988,52,1,36,5.816742420196533,0.36846462655232143,0.7810000000000059
are,241.181,241.301,0.1199999999999761,52,2,36,2.482156991958618,0.15721298533291203,0.040000000000020464
the,241.321,241.401,0.0800000000000125,52,3,36,1.6785383224487305,0.10630237995123173,0.020000000000010232
things.,241.481,241.821,0.3400000000000034,52,4,36,4.328381538391113,0.27417444092816434,0.07999999999998408
Those,241.901,242.081,0.1799999999999784,53,0,36,3.5207451790054574,0.22300930808019712,0.0
are,242.121,242.221,0.0999999999999943,53,1,36,2.712400197982788,0.17179928284994006,0.040000000000020464
the,242.261,242.361,0.0999999999999943,53,2,36,1.1755726337432861,0.07443865071031609,0.03999999999999204
only,242.481,242.681,0.200000000000017,53,3,36,3.8989386558532715,0.24696850612803167,0.12000000000000455
"things,",242.741,243.021,0.2799999999999727,53,4,36,4.29197883605957,0.27186826800866476,0.060000000000002274
things,243.361,243.602,0.2410000000000138,53,5,36,7.173595428466797,0.45442356539469886,0.3400000000000034
that,243.622,243.742,0.1199999999999761,53,6,36,0.7475646734237671,0.0473236206658619,0.020000000000010232
you,243.802,243.962,0.1599999999999966,53,7,36,2.969695806503296,0.18809939593692912,0.060000000000002274
believe.,244.002,244.382,0.3799999999999954,53,8,36,4.455288887023926,0.28221423665643036,0.040000000000020464
that,245.645,245.845,0.1999999999999886,54,0,36,3.5207451790054574,0.22300930808019712,0.0
everybody,245.945,246.326,0.3810000000000002,54,1,36,8.470531463623047,0.5365866623911761,0.09999999999999432
around,246.386,246.646,0.2599999999999909,54,2,36,5.862323760986328,0.3713522817820492,0.060000000000002274
you,246.686,246.806,0.1200000000000045,54,3,36,2.1673338413238525,0.1372684049055323,0.040000000000020464
doesn't,246.887,247.167,0.2800000000000011,54,4,36,2.6869051456451416,0.1701841280532766,0.08099999999998886
"believe,",247.227,247.607,0.3799999999999954,54,5,36,3.757208824157715,0.23798968096377177,0.060000000000002274
when,248.208,248.328,0.1200000000000045,54,6,36,5.500363349914551,0.34842147597697165,0.6009999999999991
you're,248.368,248.568,0.200000000000017,54,7,36,1.2170319557189941,0.07706516905860757,0.03999999999999204
"right,",248.628,248.889,0.2610000000000241,54,8,36,3.752201557159424,0.23767246210878154,0.05999999999997385
that,250.13,250.33,0.200000000000017,54,9,36,1.8131089210510254,0.11482765555937095,1.2409999999999854
create,250.631,250.951,0.3199999999999932,54,10,36,13.610387802124023,0.8622052769108476,0.3009999999999877
real,250.991,251.191,0.1999999999999886,54,11,36,4.957742691040039,0.31404553713429184,0.040000000000020464
value,251.231,251.532,0.3010000000000161,54,12,36,2.584441661834717,0.16369289261012024,0.03999999999999204
in,251.572,251.612,0.039999999999992,54,13,36,2.997156858444214,0.189839100142137,0.03999999999999204
the,251.652,251.732,0.0800000000000125,54,14,36,1.0063396692276,0.0637174554457952,0.03999999999999204
"world,",251.772,251.992,0.2199999999999988,54,15,36,1.7160520553588867,0.10867893854182235,0.03999999999999204
everything,252.353,252.713,0.3599999999999852,54,16,36,7.389593124389648,0.4681073856911923,0.3610000000000184
else,252.793,252.973,0.1800000000000068,54,17,36,2.1579389572143555,0.13667322306661742,0.0800000000000125
people,253.053,253.294,0.2410000000000138,54,18,36,8.851846694946289,0.5607436288784795,0.07999999999998408
already,253.334,253.614,0.2800000000000011,54,19,36,7.9350128173828125,0.5026606480915136,0.03999999999999204
know.,253.634,253.834,0.200000000000017,54,20,36,2.4236912727355957,0.15350908288184686,0.01999999999998181
There's,253.854,254.175,0.3209999999999979,55,0,36,3.5207451790054574,0.22300930808019712,0.0
no,254.215,254.335,0.1200000000000045,55,1,36,1.6094855070114136,0.10192776700282016,0.03999999999999204
value,254.375,254.695,0.3199999999999932,55,2,36,7.245604515075684,0.4589854631346756,0.03999999999999204
created.,254.735,255.136,0.400999999999982,55,3,36,5.483323097229004,0.34734194707477845,0.040000000000020464
It's,255.316,255.456,0.1399999999999863,56,0,36,3.5207451790054574,0.22300930808019712,0.0
just,255.496,255.716,0.2199999999999988,56,1,36,3.80926513671875,0.2412875366345921,0.040000000000020464
business,256.097,256.417,0.3199999999999932,56,2,36,7.46571683883667,0.4729299520817462,0.3809999999999718
as,256.477,256.537,0.0600000000000022,56,3,36,1.699043869972229,0.10760144115738915,0.060000000000002274
usual.,256.637,256.918,0.2810000000000059,56,4,36,0.9960757493972778,0.0630672187203724,0.10000000000002274
So,257.819,257.939,0.1200000000000045,57,0,36,3.5207451790054574,0.22300930808019712,0.0
it's,257.979,258.099,0.1200000000000045,57,1,36,2.170278549194336,0.13745495714236616,0.03999999999996362
so,258.119,258.279,0.1599999999999681,57,2,36,6.48225212097168,0.41062579457808085,0.020000000000038654
important,258.319,258.78,0.4609999999999559,57,3,36,2.7305662631988525,0.17295013388494274,0.040000000000020464
to,259.14,259.26,0.1200000000000045,57,4,36,0.8440549969673157,0.05343644627763151,0.36000000000001364
think,259.3,259.481,0.1809999999999831,57,5,36,5.037644386291504,0.3191074450149979,0.040000000000020464
for,259.521,259.621,0.0999999999999659,57,6,36,6.533670902252197,0.4138832615612408,0.040000000000020464
yourself.,259.661,260.081,0.4200000000000159,57,7,36,0.996999979019165,0.06312577023410297,0.040000000000020464
And,261.069,261.149,0.079999999999984,58,0,36,3.5207451790054574,0.22300930808019712,0.0
I,261.189,261.269,0.079999999999984,58,1,36,2.585564613342285,0.16376403349227453,0.040000000000020464
see,261.309,261.449,0.1399999999999863,58,2,36,5.531487464904785,0.35039324143768236,0.040000000000020464
this,261.469,261.649,0.1800000000000068,58,3,36,3.584583044052124,0.227053545078551,0.01999999999998181
in,261.669,261.749,0.0800000000000409,58,4,36,3.3609461784362793,0.21288577042853207,0.01999999999998181
my,261.809,261.929,0.1199999999999477,58,5,36,2.2386584281921387,0.14178693842625958,0.060000000000002274
business,261.969,262.289,0.3199999999999932,58,6,36,5.207881927490234,0.3298922819158154,0.040000000000020464
every,262.349,262.51,0.1610000000000013,58,7,36,3.7051732540130615,0.23469313936020142,0.060000000000002274
day.,262.55,262.71,0.1599999999999681,58,8,36,0.5823214650154114,0.03685518321603105,0.040000000000020464
So,262.77,262.91,0.1400000000000432,59,0,36,3.5207451790054574,0.22300930808019712,0.0
my,262.95,263.07,0.1200000000000045,59,1,36,5.322214126586914,0.3371354205977237,0.03999999999996362
business,263.11,263.45,0.339999999999975,59,2,36,7.059744834899902,0.4472109372397442,0.040000000000020464
is,263.51,263.61,0.1000000000000227,59,3,36,1.6666545867919922,0.10554952514654012,0.060000000000002274
a,263.69,263.79,0.1000000000000227,59,4,36,3.7812321186065674,0.23951159740257147,0.07999999999998408
fun,263.87,264.07,0.1999999999999886,59,5,36,6.8209075927734375,0.4320801929630277,0.07999999999998408
people,264.11,264.39,0.2799999999999727,59,6,36,9.114508628845215,0.5773837077776827,0.040000000000020464
who,264.41,264.47,0.0600000000000022,59,7,36,4.378077030181885,0.27732273460002677,0.020000000000038654
have,264.51,264.63,0.1200000000000045,59,8,36,2.9109134674072266,0.18437543508002513,0.03999999999996362
companies.,264.69,265.07,0.3799999999999954,59,9,36,6.677709102630615,0.4230083257957804,0.060000000000002274
So,265.11,265.21,0.0999999999999659,60,0,36,3.5207451790054574,0.22300930808019712,0.0
if,265.23,265.27,0.0399999999999636,60,1,36,3.9178354740142822,0.24816565160120907,0.020000000000038654
you,265.29,265.471,0.1809999999999831,60,2,36,0.8860616087913513,0.05609763636583489,0.020000000000038654
like,266.131,266.271,0.1400000000000432,60,3,36,4.4570417404174805,0.2823252828911646,0.6599999999999682
some,266.311,266.431,0.1200000000000045,60,4,36,6.051095008850098,0.38331126042705876,0.03999999999996362
of,266.451,266.511,0.0600000000000022,60,5,36,1.1923720836639404,0.07550292434903251,0.020000000000038654
you,266.551,266.731,0.1800000000000068,60,6,36,7.414719581604004,0.4696991893617814,0.03999999999996362
probably,266.751,267.691,0.9399999999999976,60,7,36,5.739803314208984,0.36359040372504403,0.01999999999998181
have,267.731,267.851,0.1200000000000045,60,8,36,2.61942458152771,0.1659091198919916,0.040000000000020464
company,267.891,268.211,0.3199999999999932,60,9,36,10.31096076965332,0.6531809796801601,0.040000000000020464
ideas,268.251,268.532,0.2810000000000059,60,10,36,8.810392379760742,0.5581174277188347,0.03999999999996362
and,268.592,268.652,0.0600000000000022,60,11,36,2.8598361015319824,0.1811395973417155,0.060000000000002274
you,268.672,268.772,0.0999999999999659,60,12,36,1.8254567384719849,0.1156099107307533,0.020000000000038654
might,268.792,268.952,0.160000000000025,60,13,36,4.012393951416016,0.2541560914841304,0.01999999999998181
come,268.992,269.132,0.1399999999999863,60,14,36,5.724387168884277,0.36261376477810237,0.040000000000020464
to,269.172,269.252,0.079999999999984,60,15,36,2.8183014392852783,0.17850830605950455,0.040000000000020464
me,269.292,269.372,0.0800000000000409,60,16,36,2.481619358062744,0.15717892531396133,0.03999999999996362
and,269.412,269.492,0.0800000000000409,60,17,36,1.2174134254455566,0.07708933581263025,0.03999999999996362
say,269.512,269.632,0.1200000000000045,60,18,36,0.7588562965393066,0.048038964137043935,0.01999999999998181
I've,269.652,269.772,0.1200000000000045,60,19,36,3.2227015495300293,0.2041277387707119,0.01999999999998181
got,269.812,269.952,0.1399999999999863,60,20,36,0.30447277426719666,0.01925299751877001,0.040000000000020464
an,269.972,270.032,0.0600000000000022,60,21,36,2.686091899871826,0.17013260755454448,0.01999999999998181
idea.,270.092,270.432,0.3400000000000318,60,22,36,1.2060859203338623,0.07637171915614795,0.060000000000002274
And,271.352,271.473,0.1210000000000377,61,0,36,3.5207451790054574,0.22300930808019712,0.0
the,271.673,271.773,0.1000000000000227,61,1,36,2.7460460662841797,0.17393080565896193,0.19999999999998863
biggest,271.793,272.093,0.3000000000000113,61,2,36,5.577019691467285,0.3532777851978297,0.01999999999998181
thing,272.153,272.433,0.2799999999999727,61,3,36,3.272190809249878,0.20726296729118082,0.060000000000002274
that,272.733,272.873,0.1399999999999863,61,4,36,2.0702314376831055,0.13111680298172224,0.30000000000001137
I'll,272.893,273.033,0.1400000000000432,61,5,36,3.331033945083618,0.2109907797245072,0.01999999999998181
look,273.073,273.253,0.1800000000000068,61,6,36,5.822784423828125,0.36884739772759817,0.03999999999996362
for,273.333,273.613,0.2799999999999727,61,7,36,1.4733186960220337,0.09330136863331728,0.08000000000004093
when,273.813,273.933,0.1200000000000045,61,8,36,3.29557204246521,0.2087442080621161,0.19999999999998863
you,273.953,274.073,0.1200000000000045,61,9,36,3.326796770095825,0.21072234750420024,0.01999999999998181
come,274.113,274.233,0.1200000000000045,61,10,36,2.5287094116210938,0.16016216005584885,0.040000000000020464
to,274.273,274.354,0.0809999999999604,61,11,36,1.1810885667800903,0.07478809442137345,0.040000000000020464
me,274.374,274.474,0.0999999999999659,61,12,36,2.163428783416748,0.13702101286544635,0.020000000000038654
with,274.514,274.654,0.1399999999999863,61,13,36,3.063077211380005,0.1940152662794692,0.040000000000020464
an,274.674,274.714,0.0400000000000204,61,14,36,2.035818576812744,0.12893668989289353,0.01999999999998181
idea,274.794,275.154,0.3600000000000136,61,15,36,2.104065418243408,0.13326024302132156,0.07999999999998408
"is,",275.214,275.334,0.1200000000000045,61,16,36,1.5863685607910156,0.10046326926115623,0.060000000000002274
have,276.554,276.654,0.1000000000000227,61,17,36,5.174734115600586,0.3277923118250144,1.2199999999999704
you,276.694,276.814,0.1200000000000045,61,18,36,0.2708449363708496,0.017122616966481246,0.040000000000020464
thought,276.834,277.034,0.1999999999999886,61,19,36,1.2733204364776611,0.0806311397610883,0.01999999999998181
for,277.054,277.174,0.1200000000000045,61,20,36,7.900137424468994,0.5004512328134324,0.01999999999998181
"yourself,",277.194,277.595,0.4010000000000104,61,21,36,2.5594024658203125,0.16210661708451388,0.020000000000038654
is,277.655,277.735,0.0800000000000409,61,22,36,5.392003059387207,0.34155666782928845,0.05999999999994543
it,277.795,277.835,0.0399999999999636,61,23,36,1.160775065422058,0.07350119966544434,0.060000000000002274
something,277.875,278.155,0.2799999999999727,61,24,36,1.9715906381607056,0.12486774107020508,0.040000000000020464
that,278.175,278.295,0.1200000000000045,61,25,36,0.43506214022636414,0.027526055288129375,0.020000000000038654
you,278.355,278.475,0.1200000000000045,61,26,36,1.9095466136932373,0.1209371469142965,0.060000000000002274
know,278.515,278.735,0.2200000000000272,61,27,36,4.617140293121338,0.29246779767850173,0.03999999999996362
that,278.815,278.935,0.1200000000000045,61,28,36,2.0879828929901123,0.13224138777594652,0.07999999999998408
nobody,278.975,279.235,0.2599999999999909,61,29,36,7.042583465576172,0.44612373539314876,0.040000000000020464
else,279.295,279.455,0.1599999999999681,61,30,36,0.43481436371803284,0.02751035822618058,0.060000000000002274
knows,279.515,279.835,0.3199999999999932,61,31,36,3.3387203216552734,0.211477724713843,0.060000000000002274
or,280.135,280.195,0.0600000000000022,61,32,36,3.025851249694824,0.19165693848394444,0.30000000000001137
is,280.255,280.316,0.0609999999999786,61,33,36,1.9043962955474854,0.12061086552654775,0.060000000000002274
it,280.376,280.436,0.0600000000000022,61,34,36,0.7864999771118164,0.04979023817574016,0.060000000000002274
something,280.476,280.716,0.2400000000000091,61,35,36,0.2210797667503357,0.01396990908595434,0.040000000000020464
that,280.756,280.856,0.1000000000000227,61,36,36,0.11261200904846191,0.007098292710536291,0.03999999999996362
everybody,280.896,281.276,0.3799999999999954,61,37,36,4.447500228881836,0.28172081195617227,0.040000000000020464
knows?,281.316,281.536,0.2200000000000272,61,38,36,1.4746702909469604,0.0933869944636639,0.03999999999996362
And,284.283,284.343,0.0600000000000022,62,0,36,3.5207451790054574,0.22300930808019712,0.0
I'll,284.363,284.483,0.1200000000000045,62,1,36,2.990074872970581,0.1893904443537059,0.01999999999998181
give,284.523,284.603,0.079999999999984,62,2,36,3.6023941040039062,0.22818190592809132,0.040000000000020464
you,284.623,284.723,0.1000000000000227,62,3,36,0.39917320013046265,0.02525243007742647,0.01999999999998181
an,284.743,284.803,0.0600000000000022,62,4,36,2.341275453567505,0.14828790098791006,0.01999999999998181
example.,284.843,285.283,0.4399999999999977,62,5,36,0.7026254534721375,0.044476644880053824,0.040000000000020464
So,285.443,285.583,0.1400000000000432,63,0,36,3.5207451790054574,0.22300930808019712,0.0
for,285.603,285.723,0.1200000000000045,63,1,36,5.812222480773926,0.36817828072559516,0.01999999999998181
"example,",285.843,286.163,0.3199999999999932,63,2,36,1.4066482782363892,0.08907768461588798,0.12000000000000455
if,286.183,286.243,0.0600000000000022,63,3,36,1.6115509271621704,0.10205861487163172,0.01999999999998181
you,286.283,286.383,0.0999999999999659,63,4,36,0.8622826933860779,0.05459120175383097,0.040000000000020464
came,286.423,286.664,0.2409999999999854,63,5,36,7.34481143951416,0.4652703900195846,0.040000000000020464
to,286.844,286.924,0.079999999999984,63,6,36,1.2766660451889038,0.08084308974597784,0.18000000000000682
me,286.964,287.124,0.160000000000025,63,7,36,2.4181132316589355,0.15315570452115018,0.040000000000020464
and,287.184,287.264,0.079999999999984,63,8,36,1.1155067682266235,0.07063337627823639,0.060000000000002274
"said,",287.304,287.544,0.2400000000000091,63,9,36,0.6217175126075745,0.03935098963350232,0.03999999999996362
"hey,",287.904,288.184,0.2800000000000295,63,10,36,2.9253342151641846,0.18528901390318883,0.36000000000001364
I've,288.944,289.084,0.1399999999999863,63,11,36,1.6338940858840942,0.10347409186318277,0.7599999999999909
got,289.124,289.264,0.1399999999999863,63,12,36,0.5897849798202515,0.037328009534540144,0.040000000000020464
an,289.284,289.324,0.0400000000000204,63,13,36,2.5168371200561523,0.1594100302537779,0.01999999999998181
idea,289.404,289.744,0.3400000000000318,63,14,36,0.5043146014213562,0.03191331613382205,0.07999999999998408
to,289.884,289.984,0.0999999999999659,63,15,36,3.071599006652832,0.19455513646011466,0.13999999999998636
make,290.024,290.244,0.2200000000000272,63,16,36,1.786891222000122,0.11316671986805578,0.040000000000020464
batteries,291.024,291.605,0.5810000000000173,63,17,36,10.804425239562988,0.684442790599477,0.7799999999999727
and,291.685,291.765,0.079999999999984,63,18,36,3.8580546379089355,0.24437843426565067,0.07999999999998408
cell,291.825,292.045,0.2200000000000272,63,19,36,5.1027936935424805,0.32323476410076174,0.060000000000002274
phones,292.065,292.365,0.3000000000000113,63,20,36,0.7857447266578674,0.049742391778830566,0.01999999999998181
last,292.425,292.665,0.2400000000000091,63,21,36,4.919981002807617,0.31165327015358646,0.060000000000002274
"longer,",292.725,293.085,0.3599999999999568,63,22,36,0.3929024934768677,0.024855170177902047,0.060000000000002274
I,293.265,293.305,0.0400000000000204,63,23,36,1.0789686441421509,0.0683186241610588,0.18000000000000682
would,293.345,293.505,0.1599999999999681,63,24,36,1.8134478330612183,0.11484912620989798,0.040000000000020464
"go,",293.525,293.725,0.2000000000000454,63,25,36,2.749685525894165,0.1741613715965596,0.01999999999998181
"well,",294.285,294.425,0.1399999999999863,63,26,36,1.2057461738586426,0.0763501956408465,0.5600000000000023
that's,294.445,294.625,0.1800000000000068,63,27,36,1.755851149559021,0.11120027864534072,0.01999999999998181
a,294.665,294.705,0.0399999999999636,63,28,36,1.3624906539916992,0.0862802242434392,0.040000000000020464
pretty,294.725,294.925,0.1999999999999886,63,29,36,2.627767562866211,0.16643766190668896,0.020000000000038654
good,294.945,295.085,0.1399999999999863,63,30,36,0.8376955389976501,0.053033563831741494,0.01999999999998181
"idea,",295.165,295.485,0.3199999999999932,63,31,36,0.6762524843215942,0.04280587256464035,0.08000000000004093
but,295.525,295.625,0.1000000000000227,63,32,36,1.1085201501846313,0.07019076217831095,0.03999999999996362
I'm,295.645,295.745,0.1000000000000227,63,33,36,1.418369174003601,0.08982022323745617,0.01999999999998181
not,295.785,295.865,0.079999999999984,63,34,36,0.5359150767326355,0.033915259828618545,0.040000000000020464
going,295.885,295.985,0.1000000000000227,63,35,36,2.493661880493164,0.1579418395300149,0.01999999999998181
to,296.005,296.045,0.0400000000000204,63,36,36,0.0071769286878407,0.0004188015870920858,0.01999999999998181
fund,296.085,296.266,0.18100000000004,63,37,36,6.443155765533447,0.4081489741667386,0.03999999999996362
"it,",296.306,296.366,0.0600000000000022,63,38,36,1.4259364604949951,0.0902996236682705,0.03999999999996362
because,296.706,297.046,0.339999999999975,63,39,36,0.6427976489067078,0.040686452012906396,0.34000000000003183
everybody,297.446,297.946,0.5,63,40,36,6.735461711883545,0.42666705152104445,0.4000000000000341
thinks,298.026,298.246,0.2199999999999704,63,41,36,3.6566054821014404,0.23161628865491854,0.07999999999998408
that's,298.286,298.506,0.2199999999999704,63,42,36,1.5169527530670166,0.09606566013586994,0.040000000000020464
a,298.526,298.546,0.0199999999999818,63,43,36,0.7399293780326843,0.04683991175593196,0.020000000000038654
good,298.566,298.706,0.1400000000000432,63,44,36,2.1956963539123535,0.13906521817134002,0.01999999999998181
idea.,298.766,299.046,0.2799999999999727,63,45,36,0.30764055252075195,0.019453681642624152,0.060000000000002274
And,299.666,299.746,0.079999999999984,64,0,36,3.5207451790054574,0.22300930808019712,0.0
because,299.786,300.086,0.3000000000000113,64,1,36,5.473935127258301,0.3467472032582802,0.040000000000020464
everybody,300.146,300.566,0.4199999999999591,64,2,36,8.302373886108398,0.5259335947166672,0.060000000000002274
thinks,300.626,300.826,0.2000000000000454,64,3,36,4.287346839904785,0.27157482319794435,0.060000000000002274
that's,300.866,301.067,0.2010000000000218,64,4,36,2.3242416381835938,0.14720877989969097,0.03999999999996362
a,301.107,301.127,0.0199999999999818,64,5,36,1.995000958442688,0.12635082455613458,0.040000000000020464
good,301.147,301.287,0.1399999999999863,64,6,36,1.9523208141326904,0.1236469650428599,0.01999999999998181
"idea,",301.347,301.707,0.3600000000000136,64,7,36,0.653862476348877,0.04138742759361089,0.060000000000002274
companies,301.807,302.227,0.4199999999999591,64,8,36,7.7285566329956055,0.4895812987300125,0.10000000000002274
like,302.267,302.487,0.2200000000000272,64,9,36,2.0605392456054688,0.13050278617889094,0.040000000000020464
Google,303.067,303.527,0.4599999999999795,64,10,36,2.289793014526367,0.14502640117767263,0.5799999999999841
and,303.807,303.967,0.1599999999999681,64,11,36,0.9184208512306213,0.05814764924480463,0.28000000000002956
Apple,304.227,304.567,0.3400000000000318,64,12,36,1.9544973373413086,0.12378485147878057,0.2599999999999909
and,304.847,305.007,0.160000000000025,64,13,36,2.1732373237609863,0.13764240052825458,0.2799999999999727
Samsung,305.908,306.468,0.5600000000000023,64,14,36,4.8342604637146,0.3062227286487069,0.9010000000000105
with,306.488,306.628,0.1399999999999863,64,15,36,7.561337471008301,0.4789876812703994,0.01999999999998181
tons,306.688,306.928,0.2400000000000091,64,16,36,7.403151988983154,0.46896636275448605,0.060000000000002274
of,306.948,306.988,0.0400000000000204,64,17,36,0.03290180489420891,0.002048516115543412,0.01999999999998181
resources,307.028,307.528,0.5,64,18,36,3.0694069862365723,0.1944162682498118,0.040000000000020464
will,307.548,307.708,0.160000000000025,64,19,36,3.653583526611328,0.2314248426503951,0.01999999999998181
just,307.748,307.888,0.1399999999999863,64,20,36,3.055870532989502,0.19355871098331692,0.03999999999996362
build,307.928,308.128,0.1999999999999886,64,21,36,3.405778408050537,0.21572596819504783,0.040000000000020464
that.,308.168,308.348,0.1800000000000068,64,22,36,3.095079183578491,0.19604264548287456,0.040000000000020464
So,308.628,308.768,0.1399999999999863,65,0,36,3.5207451790054574,0.22300930808019712,0.0
it's,308.808,308.948,0.1399999999999863,65,1,36,2.170278549194336,0.13745495714236616,0.040000000000020464
not,308.988,309.148,0.160000000000025,65,2,36,1.9693833589553833,0.12472790618974133,0.040000000000020464
really,309.288,309.648,0.3600000000000136,65,3,36,3.4703941345214844,0.21981948403362245,0.13999999999998636
a,310.008,310.048,0.0400000000000204,65,4,36,1.4719972610473633,0.09321765348696058,0.3599999999999568
new,310.108,310.228,0.1200000000000045,65,5,36,3.970552444458008,0.25150536106915244,0.060000000000002274
value,310.248,310.589,0.3410000000000082,65,6,36,8.19669246673584,0.5192384975991083,0.01999999999998181
creation,310.649,311.149,0.5,65,7,36,8.552811622619629,0.5417992499832136,0.060000000000002274
for,311.209,311.609,0.3999999999999772,65,8,36,4.114614486694336,0.2606319357258185,0.060000000000002274
a,311.649,311.689,0.0400000000000204,65,9,36,3.683044910430908,0.2332912712720094,0.040000000000020464
new,311.729,311.849,0.1200000000000045,65,10,36,3.614616870880127,0.2289562389354206,0.03999999999996362
person.,311.889,312.249,0.3600000000000136,65,11,36,3.3535923957824707,0.2124198958278598,0.040000000000020464
And,312.909,312.989,0.079999999999984,66,0,36,3.5207451790054574,0.22300930808019712,0.0
you,313.009,313.129,0.1200000000000045,66,1,36,4.013903617858887,0.25425173141317514,0.020000000000038654
contrast,313.149,313.589,0.4399999999999977,66,2,36,12.880318641662598,0.8159541576427319,0.01999999999998181
that,313.629,313.829,0.1999999999999886,66,3,36,1.403956651687622,0.08890716550992606,0.040000000000020464
with,313.909,314.09,0.1809999999999831,66,4,36,0.27503758668899536,0.017388228473467108,0.07999999999998408
an,314.97,315.03,0.0599999999999454,66,5,36,4.725958824157715,0.2993616361394547,0.8800000000000523
idea,315.11,315.37,0.2599999999999909,66,6,36,4.735116958618164,0.29994181948665427,0.08000000000004093
that,315.41,315.55,0.1399999999999863,66,7,36,0.7545798420906067,0.04776804349628372,0.040000000000020464
came,315.59,315.77,0.1800000000000068,66,8,36,5.36668586730957,0.33995278078168806,0.03999999999996362
to,315.81,315.91,0.1000000000000227,66,9,36,2.658686637878418,0.16839643773711244,0.040000000000020464
me,315.95,316.03,0.079999999999984,66,10,36,0.770054042339325,0.048748360321103204,0.03999999999996362
about,316.09,316.29,0.2000000000000454,66,11,36,3.325242280960083,0.21062386798155783,0.060000000000002274
five,316.35,316.611,0.2609999999999672,66,12,36,3.3506879806518555,0.2122358962044196,0.060000000000002274
years,316.651,316.871,0.2199999999999704,66,13,36,0.4289107620716095,0.02713635505134767,0.040000000000020464
"ago,",316.931,317.151,0.2200000000000272,66,14,36,0.6725671887397766,0.042572402840504654,0.060000000000002274
a,317.811,317.871,0.0600000000000022,66,15,36,3.209975242614746,0.20332150564807266,0.6599999999999682
young,317.911,318.071,0.160000000000025,66,16,36,5.316457748413086,0.3367707442795214,0.040000000000020464
man,318.111,318.351,0.2400000000000091,66,17,36,1.6188769340515137,0.10252272983052671,0.03999999999996362
by,318.411,318.531,0.1200000000000045,66,18,36,4.2544145584106445,0.26948850732316615,0.060000000000002274
the,318.571,318.651,0.079999999999984,66,19,36,0.006831148639321327,0.00039689583469118106,0.040000000000020464
name,318.671,318.851,0.1800000000000068,66,20,36,0.0026530565228313208,0.00013220661446604668,0.01999999999998181
of,318.911,318.991,0.079999999999984,66,21,36,0.007401071488857269,0.0004330014136076377,0.060000000000002274
Brian,319.332,319.632,0.3000000000000113,66,22,36,5.324054718017578,0.33725202518588315,0.3410000000000082
Chesky,319.672,320.072,0.3999999999999772,66,23,36,3.0276787281036377,0.19177271233993437,0.040000000000020464
came,320.112,320.332,0.2199999999999704,66,24,36,4.517759799957275,0.2861718749205125,0.040000000000020464
up,320.392,320.452,0.0600000000000022,66,25,36,1.1223297119140625,0.07106562133026396,0.060000000000002274
to,320.512,320.572,0.0600000000000022,66,26,36,0.5232616066932678,0.03311364104557553,0.060000000000002274
me.,320.612,320.712,0.0999999999999659,66,27,36,1.9363508224487305,0.12263523898992156,0.040000000000020464
And,320.732,320.852,0.1199999999999477,67,0,36,3.5207451790054574,0.22300930808019712,0.0
he,320.872,320.912,0.0399999999999636,67,1,36,3.8068647384643555,0.24113546733490437,0.020000000000038654
had,321.412,321.593,0.18100000000004,67,2,36,3.750638246536255,0.23757342372995233,0.5
this,321.633,321.813,0.1800000000000068,67,3,36,4.563185691833496,0.28904968219797605,0.03999999999996362
idea,321.933,322.253,0.3199999999999932,67,4,36,3.458090305328369,0.21904001559106337,0.12000000000000455
that,322.713,322.833,0.1200000000000045,67,5,36,0.9682765603065491,0.06130609295335661,0.4600000000000364
he,322.873,322.973,0.1000000000000227,67,6,36,1.9237076044082642,0.1218342696883929,0.03999999999996362
was,323.013,323.153,0.1400000000000432,67,7,36,1.5749809741973877,0.09974184634091536,0.03999999999996362
going,323.193,323.353,0.160000000000025,67,8,36,0.8111075758934021,0.05134917128480304,0.03999999999996362
to,323.373,323.873,0.5,67,9,36,0.030984219163656235,0.0019270338079294684,0.01999999999998181
have,323.953,324.134,0.18100000000004,67,10,36,3.3206591606140137,0.21033351953619656,0.07999999999998408
an,324.154,324.214,0.0600000000000022,67,11,36,3.326107978820801,0.21067871140896804,0.01999999999998181
air,324.634,324.814,0.1800000000000068,67,12,36,6.314557075500488,0.4000020290928245,0.4200000000000159
mattress,324.854,325.314,0.4600000000000364,67,13,36,5.708226203918457,0.36158994024393143,0.03999999999996362
in,325.474,325.534,0.0600000000000022,67,14,36,2.4280943870544434,0.15378802764015367,0.15999999999996817
his,325.574,325.674,0.0999999999999659,67,15,36,1.2252535820007324,0.07758602302468143,0.040000000000020464
apartment,325.754,326.254,0.5,67,16,36,3.23362398147583,0.20481969335526634,0.08000000000004093
that,327.015,327.175,0.160000000000025,67,17,36,2.888117790222168,0.18293129027651467,0.7609999999999673
he,327.215,327.355,0.1400000000000432,67,18,36,0.8310330510139465,0.05261148392062471,0.03999999999996362
rented,327.435,327.735,0.3000000000000113,67,19,36,6.26917839050293,0.3971272124511712,0.07999999999998408
to,327.755,327.855,0.1000000000000227,67,20,36,3.0034217834472656,0.19023599376429576,0.01999999999998181
people.,327.895,328.235,0.3400000000000318,67,21,36,2.463029146194458,0.15600120386932967,0.03999999999996362
And,329.156,329.216,0.0600000000000022,68,0,36,3.5207451790054574,0.22300930808019712,0.0
it,329.236,329.276,0.0400000000000204,68,1,36,3.3685250282287598,0.2133659034140777,0.01999999999998181
was,329.296,329.376,0.079999999999984,68,2,36,2.4018704891204834,0.15212669923908562,0.01999999999998181
going,329.396,329.516,0.1200000000000045,68,3,36,6.128831386566162,0.38823599177024354,0.020000000000038654
to,329.536,329.576,0.0400000000000204,68,4,36,0.43875837326049805,0.027760217918415563,0.01999999999998181
be,329.596,329.676,0.079999999999984,68,5,36,0.6203983426094055,0.039267417977247636,0.01999999999998181
like,329.716,329.856,0.1399999999999863,68,6,36,3.972560405731201,0.25163256882063934,0.040000000000020464
an,329.896,329.956,0.0600000000000022,68,7,36,3.988286018371582,0.25262881304678186,0.040000000000020464
air,330.036,330.176,0.1399999999999863,68,8,36,5.85537052154541,0.3709117822731008,0.07999999999998408
bed,330.216,330.356,0.1399999999999863,68,9,36,8.507673263549805,0.5389396583965946,0.040000000000020464
and,330.396,330.456,0.0600000000000022,68,10,36,3.8232765197753906,0.24217518150984524,0.040000000000020464
breakfast.,330.476,330.896,0.4200000000000159,68,11,36,5.588437080383301,0.3540010961457286,0.01999999999998181
And,331.216,331.296,0.079999999999984,69,0,36,3.5207451790054574,0.22300930808019712,0.0
I,331.316,331.336,0.0200000000000386,69,1,36,2.585564613342285,0.16376403349227453,0.01999999999998181
was,331.376,331.477,0.100999999999999,69,2,36,3.2928318977355957,0.20857061524712692,0.03999999999996362
"like,",331.517,331.637,0.1200000000000045,69,3,36,1.2698111534118652,0.08040882072830087,0.040000000000020464
"wow,",331.677,331.837,0.1599999999999681,69,4,36,2.728954315185547,0.17284801424497562,0.040000000000020464
that's,331.857,332.057,0.1999999999999886,69,5,36,1.292443037033081,0.08184258893180284,0.020000000000038654
a,332.097,332.157,0.0600000000000022,69,6,36,1.8759781122207642,0.11881052542507485,0.03999999999996362
"horrible,",332.317,332.777,0.4599999999999795,69,7,36,4.927526473999023,0.31213128854815514,0.160000000000025
horrible,332.837,333.157,0.3199999999999932,69,8,36,0.5843008756637573,0.03698058223702155,0.060000000000002274
idea.,333.237,333.537,0.2999999999999545,69,9,36,1.9397600889205933,0.12285122180188865,0.08000000000004093
Because,335.538,335.798,0.2599999999999909,70,0,36,3.5207451790054574,0.22300930808019712,0.0
who,335.838,335.938,0.0999999999999659,70,1,36,8.075584411621094,0.5115660969488721,0.040000000000020464
would,335.958,336.098,0.1399999999999863,70,2,36,2.5526282787323,0.16167746084573484,0.020000000000038654
want,336.138,336.338,0.2000000000000454,70,3,36,1.2712856531143188,0.08050223278470918,0.03999999999996362
to,336.358,336.418,0.0600000000000022,70,4,36,0.20328694581985474,0.012842703709340734,0.01999999999998181
rent,336.539,336.759,0.2200000000000272,70,5,36,7.59909725189209,0.4813798274173347,0.1209999999999809
an,336.839,336.899,0.0600000000000022,70,6,36,2.244570255279541,0.1421614626967261,0.07999999999998408
air,336.959,337.079,0.1200000000000045,70,7,36,6.924229145050049,0.4386257884985138,0.060000000000002274
mattress,337.119,337.499,0.3799999999999954,70,8,36,2.304171562194824,0.14593730655367257,0.040000000000020464
out,337.579,337.679,0.0999999999999659,70,9,36,4.044550895690918,0.25619328843135747,0.07999999999998408
of,337.719,337.759,0.0400000000000204,70,10,36,0.5303032994270325,0.03355974422061299,0.040000000000020464
somebody's,337.799,338.119,0.32000000000005,70,11,36,3.978306531906128,0.25199659565732724,0.03999999999996362
"apartment,",338.179,338.639,0.4600000000000364,70,12,36,2.6672511100769043,0.1689390115733642,0.05999999999994543
like,338.679,338.839,0.160000000000025,70,13,36,5.7672882080078125,0.3653316183523783,0.03999999999996362
probably,338.879,339.18,0.3009999999999877,70,14,36,8.754634857177734,0.5545850941171092,0.040000000000020464
a,339.2,339.24,0.0400000000000204,70,15,36,2.1924331188201904,0.13885848669489723,0.01999999999998181
serial,339.32,339.68,0.3600000000000136,70,16,36,7.831424236297607,0.4960981358282116,0.07999999999998408
killer?,339.72,339.98,0.2599999999999909,70,17,36,0.7920169234275818,0.05013974607973789,0.040000000000020464
But,343.312,343.432,0.1200000000000045,71,0,36,3.5207451790054574,0.22300930808019712,0.0
Brian,343.472,343.812,0.3400000000000318,71,1,36,8.885607719421387,0.562882447026372,0.03999999999996362
had,343.832,343.973,0.1410000000000195,71,2,36,4.653796195983887,0.29479001128098387,0.01999999999998181
a,344.013,344.053,0.0400000000000204,71,3,36,1.9668943881988525,0.12457022567185395,0.03999999999996362
secret.,344.093,344.433,0.339999999999975,71,4,36,3.4335813522338867,0.21748733185354852,0.040000000000020464
And,344.813,344.893,0.079999999999984,72,0,36,3.5207451790054574,0.22300930808019712,0.0
his,344.913,345.013,0.0999999999999659,72,1,36,5.4727606773376465,0.34667279986433286,0.020000000000038654
secret,345.033,345.314,0.2810000000000059,72,2,36,7.57578182220459,0.4799027554114683,0.020000000000038654
"was,",345.334,345.514,0.1800000000000068,72,3,36,3.4155349731445312,0.21634406313762047,0.01999999999998181
"one,",346.014,346.154,0.1399999999999863,72,4,36,4.794956207275391,0.30373273735642237,0.5
he,346.174,346.234,0.0600000000000022,72,5,36,1.298931360244751,0.08225363520928615,0.01999999999998181
had,346.274,346.354,0.079999999999984,72,6,36,2.2959580421447754,0.1454169661311217,0.040000000000020464
run,346.414,346.595,0.18100000000004,72,7,36,7.130086421966553,0.45166719605619926,0.060000000000002274
the,346.615,346.715,0.0999999999999659,72,8,36,3.5581464767456055,0.2253787437121153,0.01999999999998181
experiment.,346.755,347.255,0.5,72,9,36,4.593470573425293,0.29096828079983683,0.040000000000020464
He,347.295,347.355,0.0600000000000022,73,0,36,3.5207451790054574,0.22300930808019712,0.0
had,347.395,347.455,0.0600000000000022,73,1,36,3.5444045066833496,0.22450816660689069,0.03999999999996362
actually,347.535,347.896,0.36099999999999,73,2,36,6.753329277038574,0.4277989920710244,0.08000000000004093
tried,347.976,348.276,0.3000000000000113,73,3,36,4.578080654144287,0.2899933033172342,0.07999999999998408
it.,348.336,348.396,0.0600000000000022,73,4,36,3.110037326812744,0.19699026922076773,0.060000000000002274
And,348.756,348.856,0.1000000000000227,74,0,36,3.5207451790054574,0.22300930808019712,0.0
a,348.876,348.896,0.0200000000000386,74,1,36,4.958572864532471,0.3140981300327337,0.01999999999998181
whole,349.056,349.217,0.1610000000000013,74,2,36,4.866592884063721,0.30827104230278446,0.15999999999996817
lot,349.237,349.357,0.1200000000000045,74,3,36,0.6629447340965271,0.041962804022393115,0.020000000000038654
of,349.397,349.457,0.0600000000000022,74,4,36,0.6556183695793152,0.041498666407166235,0.03999999999996362
people,349.477,349.717,0.2400000000000091,74,5,36,2.4059414863586426,0.15238460381717142,0.01999999999998181
wanted,349.737,349.957,0.2199999999999704,74,6,36,5.4853339195251465,0.3474693360769205,0.020000000000038654
to,349.977,350.057,0.0800000000000409,74,7,36,0.45110154151916504,0.028542178557483252,0.01999999999998181
rent,350.097,350.237,0.1400000000000432,74,8,36,8.557332992553711,0.5420856864352674,0.03999999999996362
that,350.277,350.417,0.1399999999999863,74,9,36,4.465624809265137,0.282869034856675,0.03999999999996362
air,350.477,350.598,0.1210000000000377,74,10,36,7.559524059295654,0.4788727985634641,0.060000000000002274
"mattress,",350.638,350.958,0.32000000000005,74,11,36,3.49477481842041,0.22136404170009716,0.03999999999996362
and,350.978,351.058,0.079999999999984,74,12,36,1.701425313949585,0.10775230967148637,0.01999999999998181
they,351.078,351.178,0.1000000000000227,74,13,36,1.8779479265213013,0.11893531650115947,0.01999999999998181
weren't,351.198,351.418,0.2200000000000272,74,14,36,1.911028504371643,0.12103102720156399,0.01999999999998181
serial,351.458,351.839,0.3809999999999718,74,15,36,13.673637390136719,0.8662122455615785,0.040000000000020464
killers.,351.879,352.159,0.2799999999999727,74,16,36,1.1781656742095947,0.07460292422078528,0.040000000000020464
And,354.3,354.4,0.0999999999999659,75,0,36,3.5207451790054574,0.22300930808019712,0.0
"then,",354.44,354.62,0.1800000000000068,75,1,36,2.432786703109741,0.15408529381885394,0.040000000000020464
beyond,355.16,355.44,0.2799999999999727,75,2,36,8.660569190979004,0.5486258746595409,0.5400000000000205
"that,",355.481,355.921,0.4399999999999977,75,3,36,0.9811018109321594,0.062118594327820464,0.04099999999999682
once,356.341,356.481,0.1399999999999863,75,4,36,6.838910102844238,0.4332206825022431,0.4200000000000159
he,356.501,356.601,0.1000000000000227,75,5,36,3.2559256553649902,0.20623254221231743,0.01999999999998181
did,356.681,356.821,0.1400000000000432,75,6,36,5.425702095031738,0.3436915588796522,0.07999999999998408
"that,",356.861,357.061,0.1999999999999886,75,7,36,1.9236756563186646,0.1218322457227435,0.03999999999996362
he,357.201,357.321,0.1200000000000045,75,8,36,1.2389897108078003,0.07845623007648507,0.1400000000000432
went,357.381,357.561,0.1800000000000068,75,9,36,3.798943519592285,0.24063364468762335,0.05999999999994543
and,357.661,357.741,0.079999999999984,75,10,36,2.9535109996795654,0.18707406098063176,0.10000000000002274
he,357.781,357.901,0.1200000000000045,75,11,36,4.1774797439575195,0.26461455637187153,0.040000000000020464
studied,358.022,358.402,0.3799999999999954,75,12,36,6.71525764465332,0.4253870896026756,0.1209999999999809
kind,358.482,358.642,0.1599999999999681,75,13,36,9.872223854064941,0.6253862521267073,0.08000000000004093
of,358.682,358.742,0.0600000000000022,75,14,36,0.057532183825969696,0.003608892385747395,0.040000000000020464
the,358.782,358.842,0.0600000000000022,75,15,36,1.4263930320739746,0.09032854825199141,0.03999999999996362
history,358.922,359.382,0.4599999999999795,75,16,36,3.419940233230591,0.21662314383391867,0.08000000000004093
of,359.442,359.542,0.0999999999999659,75,17,36,0.165175199508667,0.010428259955764256,0.060000000000002274
hotel,359.602,359.962,0.3600000000000136,75,18,36,12.419384002685547,0.7867531666726992,0.060000000000002274
chains.,360.022,360.302,0.2800000000000295,75,19,36,3.1376380920410156,0.19873882449963642,0.060000000000002274
And,360.342,360.423,0.0810000000000172,76,0,36,3.5207451790054574,0.22300930808019712,0.0
he,360.443,360.523,0.0800000000000409,76,1,36,3.8068647384643555,0.24113546733490437,0.01999999999998181
found,360.583,360.743,0.1599999999999681,76,2,36,6.073622703552246,0.3847384280858683,0.060000000000002274
that,360.783,360.923,0.1399999999999863,76,3,36,1.7896068096160889,0.11333875694825474,0.040000000000020464
hotel,360.963,361.403,0.4399999999999977,76,4,36,11.860160827636719,0.7513254302780672,0.040000000000020464
chains,361.463,361.703,0.2399999999999522,76,5,36,5.52578067779541,0.350031706797503,0.060000000000002274
were,361.743,361.883,0.1399999999999863,76,6,36,1.8111211061477661,0.11470172411458088,0.040000000000020464
a,361.903,361.923,0.0199999999999818,76,7,36,4.561459541320801,0.2889403276360234,0.020000000000038654
relatively,362.023,362.483,0.4599999999999795,76,8,36,6.076490879058838,0.3849201318676763,0.10000000000002274
new,362.523,362.643,0.1199999999999477,76,9,36,2.4119863510131836,0.15276755624310337,0.040000000000020464
concept.,362.683,363.164,0.4809999999999945,76,10,36,3.2080373764038086,0.20319873853763742,0.040000000000020464
And,363.724,363.804,0.079999999999984,77,0,36,3.5207451790054574,0.22300930808019712,0.0
that,363.824,363.944,0.1200000000000045,77,1,36,3.5086584091186523,0.22224359071275268,0.020000000000038654
before,363.984,364.284,0.3000000000000113,77,2,36,10.065677642822266,0.6376418776773453,0.03999999999996362
hotel,364.344,364.644,0.3000000000000113,77,3,36,13.717077255249023,0.8689642346759114,0.060000000000002274
"chains,",364.704,365.024,0.3199999999999932,77,4,36,3.8129169940948486,0.2415188879916955,0.060000000000002274
people,365.064,365.345,0.2810000000000059,77,5,36,6.6419172286987305,0.42074084989115973,0.040000000000020464
stayed,365.405,365.665,0.2600000000000477,77,6,36,7.880931377410889,0.49923449716527535,0.05999999999994543
at,365.765,365.845,0.0800000000000409,77,7,36,1.2960460186004639,0.08207084392354708,0.0999999999999659
Inns,366.465,366.685,0.2200000000000272,77,8,36,4.552230358123779,0.28835564323088714,0.6199999999999477
and,366.765,366.845,0.0800000000000409,77,9,36,1.5981720685958862,0.10121104149539245,0.07999999999998408
Bed,366.885,367.005,0.1200000000000045,77,10,36,5.442560195922852,0.3447595481567996,0.03999999999996362
and,367.045,367.125,0.079999999999984,77,11,36,1.1382092237472534,0.07207161533123255,0.040000000000020464
Breakfast.,367.145,367.585,0.4399999999999977,77,12,36,2.077939987182617,0.1316051526636356,0.01999999999998181
And,368.486,368.606,0.1200000000000045,78,0,36,3.5207451790054574,0.22300930808019712,0.0
that,368.646,368.786,0.1399999999999863,78,1,36,3.5086584091186523,0.22224359071275268,0.040000000000020464
the,368.826,368.926,0.0999999999999659,78,2,36,5.827060222625732,0.3691182768317499,0.040000000000020464
problem,368.966,369.386,0.4200000000000159,78,3,36,6.724005699157715,0.4259412936893008,0.040000000000020464
with,369.426,369.566,0.1399999999999863,78,4,36,2.9762415885925293,0.1885140823317371,0.03999999999996362
Inns,369.666,369.826,0.160000000000025,78,5,36,7.755580425262451,0.49129330179342184,0.10000000000002274
and,369.886,369.966,0.079999999999984,78,6,36,6.7879462242126465,0.4299920343732552,0.060000000000002274
Bed,369.986,370.126,0.1399999999999863,78,7,36,7.749260902404785,0.4908929493045936,0.01999999999998181
and,370.166,370.247,0.0810000000000172,78,8,36,2.5453104972839355,0.16121386698247347,0.040000000000020464
Breakfast,370.267,370.647,0.3799999999999954,78,9,36,2.0317139625549316,0.12867665561960945,0.01999999999998181
was,370.667,370.727,0.0600000000000022,78,10,36,3.5980658531188965,0.22790770389526147,0.01999999999998181
where,370.747,370.947,0.1999999999999886,78,11,36,8.270270347595215,0.5238997811150033,0.020000000000038654
they,371.187,371.307,0.1200000000000045,78,12,36,2.0830798149108887,0.13193076946564872,0.2400000000000091
were,371.327,371.427,0.1000000000000227,78,13,36,1.2947455644607544,0.08198845794866162,0.01999999999998181
like,371.447,371.567,0.1200000000000045,78,14,36,7.383037567138672,0.46769208002331253,0.01999999999998181
a,371.587,371.627,0.0400000000000204,78,15,36,2.6150035858154297,0.16562904231709,0.01999999999998181
box,371.667,371.867,0.2000000000000454,78,16,36,7.859711647033691,0.4978901912643211,0.03999999999996362
of,371.907,371.967,0.0600000000000022,78,17,36,0.6242551207542419,0.03951175141252759,0.03999999999996362
chocolates.,371.987,372.427,0.4399999999999977,78,18,36,0.6460553407669067,0.040892832316204795,0.020000000000038654
You,372.647,372.728,0.0810000000000172,79,0,36,3.5207451790054574,0.22300930808019712,0.0
had,372.768,372.848,0.0800000000000409,79,1,36,5.648745059967041,0.3578217089145021,0.03999999999996362
no,372.888,372.968,0.0800000000000409,79,2,36,3.3517069816589355,0.2123004516461027,0.03999999999996362
idea,373.028,373.208,0.1800000000000068,79,3,36,0.8958463668823242,0.05671751738257202,0.060000000000002274
what,373.248,373.348,0.1000000000000227,79,4,36,1.91525399684906,0.12129871931502899,0.03999999999996362
you,373.368,373.448,0.079999999999984,79,5,36,1.702999472618103,0.1078520352923831,0.01999999999998181
were,373.468,373.548,0.079999999999984,79,6,36,0.2714969217777252,0.017163921347555795,0.020000000000038654
gonna,373.568,373.748,0.1800000000000068,79,7,36,5.0932817459106445,0.32263216608920614,0.01999999999998181
get.,373.768,373.968,0.2000000000000454,79,8,36,1.301146149635315,0.08239394587271971,0.01999999999998181
It,374.868,374.908,0.0400000000000204,80,0,36,3.5207451790054574,0.22300930808019712,0.0
was,374.948,375.068,0.1200000000000045,80,1,36,2.1391820907592773,0.1354849437713221,0.03999999999996362
"like,",375.108,375.309,0.2010000000000218,80,2,36,3.497196912765503,0.22151748548391992,0.040000000000020464
you,375.669,375.749,0.0800000000000409,80,3,36,3.803321361541748,0.24091098839847616,0.3599999999999568
"know,",375.789,375.909,0.1200000000000045,80,4,36,0.38369426131248474,0.02427181305620936,0.03999999999996362
one,375.989,376.089,0.1000000000000227,80,5,36,5.044363975524902,0.31953314238710745,0.07999999999998408
day,376.109,376.249,0.1400000000000432,80,6,36,2.568427085876465,0.16267834206780551,0.01999999999998181
you,376.309,376.409,0.0999999999999659,80,7,36,2.3892643451690674,0.15132807864396355,0.060000000000002274
might,376.449,376.629,0.1800000000000068,80,8,36,5.14539909362793,0.3259338884406701,0.040000000000020464
have,376.669,376.829,0.160000000000025,80,9,36,2.121354818344116,0.13435555583473585,0.03999999999996362
like,376.909,377.109,0.1999999999999886,80,10,36,5.925271511077881,0.37534012848865966,0.07999999999998408
something,377.289,377.59,0.3009999999999877,80,11,36,5.963823318481445,0.3777824508586345,0.18000000000000682
"good,",377.61,377.79,0.1800000000000068,80,12,36,3.2486653327941895,0.20577258846638072,0.020000000000038654
and,377.81,377.89,0.079999999999984,80,13,36,0.873164713382721,0.055280596172881155,0.01999999999998181
the,377.91,377.99,0.079999999999984,80,14,36,1.7316948175430298,0.10966993405107561,0.020000000000038654
other,378.01,378.17,0.160000000000025,80,15,36,3.997864246368408,0.2532356100318489,0.01999999999998181
day,378.19,378.31,0.1200000000000045,80,16,36,0.20431816577911377,0.012908033242363615,0.01999999999998181
you,378.35,378.43,0.079999999999984,80,17,36,0.43806299567222595,0.027716164569070934,0.040000000000020464
might,378.47,378.61,0.1399999999999863,80,18,36,0.3126792311668396,0.019772890478765945,0.040000000000020464
have,378.65,378.79,0.1400000000000432,80,19,36,0.5911981463432312,0.03741753603002824,0.03999999999996362
Marzipan,378.87,379.49,0.6200000000000045,80,20,36,6.258931636810303,0.39647806322967943,0.07999999999998408
Cherry,379.53,379.97,0.4400000000000545,80,21,36,11.713685989379883,0.7420460009022076,0.03999999999996362
or,379.99,380.03,0.0399999999999636,80,22,36,3.3132898807525635,0.2098666631611421,0.01999999999998181
some,380.271,380.431,0.1599999999999681,80,23,36,2.453293561935425,0.1553844380982283,0.2410000000000423
weird,380.471,380.731,0.2599999999999909,80,24,36,3.6914031505584717,0.23382077995686765,0.040000000000020464
stuff.,380.771,381.031,0.2599999999999909,80,25,36,1.88514244556427,0.11939110148202728,0.040000000000020464
And,382.735,382.835,0.0999999999999659,81,0,36,3.5207451790054574,0.22300930808019712,0.0
so,382.935,383.135,0.1999999999999886,81,1,36,4.205244064331055,0.26637347314652743,0.10000000000002274
he,383.255,383.396,0.1410000000000195,81,2,36,3.7467899322509766,0.23732962649452724,0.12000000000000455
"thought,",383.476,383.756,0.2799999999999727,81,3,36,3.5021610260009766,0.22183197047486136,0.07999999999998408
"wow,",383.976,384.316,0.339999999999975,81,4,36,4.657890319824219,0.2950493809685323,0.22000000000002728
with,384.396,384.536,0.1399999999999863,81,5,36,6.489241600036621,0.41106858992866147,0.08000000000004093
the,384.576,384.677,0.100999999999999,81,6,36,1.9072710275650024,0.12079298467444056,0.040000000000020464
"internet,",384.777,385.257,0.4800000000000182,81,7,36,3.5982675552368164,0.22792048206645094,0.0999999999999659
we,385.957,386.098,0.1410000000000195,81,8,36,2.982166051864624,0.18888940712593064,0.6999999999999886
can,386.158,386.338,0.1800000000000068,81,9,36,0.9706358313560486,0.06145555677487627,0.060000000000002274
make,386.418,386.698,0.2799999999999727,81,10,36,2.9600982666015625,0.1874913755099397,0.07999999999998408
every,387.018,387.238,0.2200000000000272,81,11,36,6.617551326751709,0.41919722868640336,0.3199999999999932
one,387.379,387.479,0.0999999999999659,81,12,36,4.247108459472656,0.26902565356674674,0.14100000000001955
of,387.519,387.579,0.0600000000000022,81,13,36,0.08502094447612762,0.005350351984670305,0.040000000000020464
those,387.619,387.939,0.3199999999999932,81,14,36,1.6378177404403687,0.10372266203252732,0.040000000000020464
little,388.439,388.72,0.2810000000000059,81,15,36,4.51199197769165,0.2858064735996895,0.5
chocolates,389.1,389.56,0.4599999999999795,81,16,36,3.8583672046661377,0.244398235899728,0.37999999999999545
in,389.6,389.68,0.079999999999984,81,17,36,3.993211507797241,0.2529408511538785,0.040000000000020464
the,389.7,389.78,0.079999999999984,81,18,36,1.4012218713760376,0.08873391253991532,0.01999999999998181
box,389.82,390.201,0.3810000000000286,81,19,36,5.69157075881958,0.36053478955485857,0.040000000000020464
"transparent,",390.321,390.941,0.6199999999999477,81,20,36,5.290554046630859,0.3351297008476112,0.12000000000000455
and,390.961,391.041,0.079999999999984,81,21,36,1.1231026649475098,0.07111458921560243,0.020000000000038654
you,391.081,391.161,0.079999999999984,81,22,36,3.3960959911346436,0.21511257066528836,0.040000000000020464
can,391.181,391.301,0.1200000000000045,81,23,36,0.630612850189209,0.03991452435281344,0.01999999999998181
know,391.321,391.422,0.100999999999999,81,24,36,5.500776290893555,0.3484476364882012,0.020000000000038654
what,391.462,391.542,0.079999999999984,81,25,36,2.1899473667144775,0.13870101008399693,0.03999999999996362
you're,391.582,391.742,0.160000000000025,81,26,36,1.228566288948059,0.07779588862703653,0.040000000000020464
getting.,391.762,392.062,0.3000000000000113,81,27,36,1.0353947877883911,0.06555814647437534,0.01999999999998181
And,392.262,392.342,0.079999999999984,82,0,36,3.5207451790054574,0.22300930808019712,0.0
then,392.382,392.502,0.1200000000000045,82,1,36,2.7850918769836426,0.17640442397539613,0.040000000000020464
you'd,392.542,392.723,0.18100000000004,82,2,36,3.8024277687072754,0.24085437777717805,0.03999999999996362
get,392.743,392.883,0.1399999999999863,82,3,36,2.6143319606781006,0.16558649372578882,0.01999999999998181
all,392.983,393.103,0.1200000000000045,82,4,36,4.403582572937012,0.27893855398242584,0.10000000000002274
like,393.163,393.343,0.1800000000000068,82,5,36,5.82898473739624,0.36924019810579434,0.060000000000002274
the,393.383,393.483,0.1000000000000227,82,6,36,3.8413517475128174,0.24332027783654625,0.03999999999996362
greatness,393.523,393.923,0.3999999999999772,82,7,36,12.304519653320312,0.7794763153689293,0.040000000000020464
of,394.044,394.124,0.0800000000000409,82,8,36,0.7764925956726074,0.04915625359239761,0.1209999999999809
the,394.524,394.744,0.2200000000000272,82,9,36,1.5761451721191406,0.09981560025334833,0.39999999999997726
Ben,394.984,395.184,0.2000000000000454,82,10,36,9.350418090820312,0.5923289722172751,0.23999999999995225
Breakfast,395.244,395.685,0.4409999999999741,82,11,36,15.591516494750977,0.9877131389197877,0.060000000000002274
and,395.725,395.805,0.079999999999984,82,12,36,3.1851842403411865,0.20175095361680231,0.040000000000020464
all,395.825,395.945,0.1200000000000045,82,13,36,2.780705451965332,0.1761265365125778,0.01999999999998181
the,395.985,396.065,0.079999999999984,82,14,36,1.5776007175445557,0.09990781152416613,0.040000000000020464
goodness,396.085,396.465,0.3799999999999954,82,15,36,6.19152307510376,0.3922076165432163,0.01999999999998181
of,396.565,396.665,0.1000000000000227,82,16,36,0.318257600069046,0.02012628960776686,0.10000000000002274
the,396.726,396.806,0.079999999999984,82,17,36,0.7486738562583923,0.04739388927923816,0.06099999999997863
hotel,396.866,397.186,0.3199999999999932,82,18,36,10.47370719909668,0.6634912419488571,0.060000000000002274
chain,397.226,397.466,0.2400000000000091,82,19,36,5.344762802124023,0.33856391742800446,0.040000000000020464
all,397.526,397.646,0.1200000000000045,82,20,36,7.42220401763916,0.4701733410757064,0.060000000000002274
in,397.686,397.746,0.0600000000000022,82,21,36,2.3217673301696777,0.14705202829141134,0.03999999999996362
one.,397.846,397.986,0.1399999999999863,82,22,36,1.1962298154830933,0.07574731820119752,0.10000000000002274
And,398.287,398.387,0.1000000000000227,83,0,36,3.5207451790054574,0.22300930808019712,0.0
so,398.407,398.527,0.1200000000000045,83,1,36,4.205244064331055,0.26637347314652743,0.01999999999998181
he,398.547,398.607,0.0600000000000022,83,2,36,3.7467899322509766,0.23732962649452724,0.020000000000038654
had,398.647,398.747,0.1000000000000227,83,3,36,3.8754961490631104,0.2454833835722315,0.03999999999996362
figured,398.887,399.147,0.2599999999999909,83,4,36,8.780591011047363,0.5562294604776976,0.13999999999998636
out,399.187,399.307,0.1200000000000045,83,5,36,0.7559816837310791,0.047856852541261756,0.040000000000020464
that,399.347,399.488,0.1410000000000195,83,6,36,1.521943211555481,0.09638181414326105,0.03999999999996362
secret.,399.568,399.908,0.3400000000000318,83,7,36,6.4616594314575195,0.40932121277905137,0.07999999999998408
And,400.308,400.388,0.079999999999984,84,0,36,3.5207451790054574,0.22300930808019712,0.0
it,400.428,400.468,0.0400000000000204,84,1,36,3.3685250282287598,0.2133659034140777,0.040000000000020464
was,400.508,400.608,0.1000000000000227,84,2,36,2.4018704891204834,0.15212669923908562,0.03999999999996362
an,400.648,400.688,0.0399999999999636,84,3,36,4.204890251159668,0.2663510584821714,0.040000000000020464
interesting,400.728,401.109,0.3809999999999718,84,4,36,3.289005756378174,0.2083282227042794,0.040000000000020464
secret,401.149,401.449,0.3000000000000113,84,5,36,9.116246223449707,0.577493787342256,0.040000000000020464
because,401.489,401.789,0.3000000000000113,84,6,36,5.167792797088623,0.32735256752712916,0.03999999999996362
it,401.829,401.889,0.0600000000000022,84,7,36,2.1001787185668945,0.13301401400627294,0.040000000000020464
"wasn't,",401.949,402.25,0.3009999999999877,84,8,36,2.6634035110473633,0.16869525965060292,0.060000000000002274
it,402.55,402.61,0.0600000000000022,84,9,36,3.0584640502929688,0.19372301470222864,0.30000000000001137
was,402.65,402.73,0.0800000000000409,84,10,36,0.7780521512031555,0.04925505407974191,0.03999999999996362
something,402.77,403.01,0.2400000000000091,84,11,36,3.2154898643493652,0.20367086628591308,0.03999999999996362
that,403.03,403.15,0.1200000000000045,84,12,36,0.7042966485023499,0.044582517919005075,0.01999999999998181
probably,403.19,403.491,0.3009999999999877,84,13,36,7.082900047302246,0.448677859208921,0.040000000000020464
everybody,403.631,404.031,0.4000000000000341,84,14,36,4.776151657104492,0.3025414372168742,0.13999999999998636
in,404.051,404.131,0.079999999999984,84,15,36,2.0484707355499268,0.12973822560271958,0.01999999999998181
the,404.151,404.231,0.079999999999984,84,16,36,0.4668641984462738,0.029540769602004736,0.020000000000038654
world,404.591,404.912,0.3209999999999695,84,17,36,1.5375523567199707,0.09737067995731606,0.36000000000001364
knew,404.972,405.152,0.1800000000000068,84,18,36,0.9606271386146545,0.060821489118316766,0.060000000000002274
at,405.232,405.312,0.079999999999984,84,19,36,5.048781394958496,0.31981299339869007,0.08000000000004093
one,405.412,405.512,0.1000000000000227,84,20,36,1.9224246740341187,0.12175299387377037,0.0999999999999659
"point,",405.572,405.832,0.2599999999999909,84,21,36,1.292813777923584,0.08186607599586863,0.060000000000002274
but,405.892,406.012,0.1200000000000045,84,22,36,0.7877159714698792,0.04986727348024278,0.060000000000002274
they,406.032,406.133,0.100999999999999,84,23,36,3.041436195373535,0.19264427121954114,0.01999999999998181
had,406.173,406.233,0.0600000000000022,84,24,36,2.938898801803589,0.1861483534677929,0.040000000000020464
all,406.313,406.453,0.1399999999999863,84,25,36,3.712836742401123,0.23517863434429587,0.07999999999998408
forgotten.,406.533,406.973,0.4399999999999977,84,26,36,1.962406873703003,0.12428593401921963,0.08000000000004093
Everybody,407.253,407.594,0.3410000000000082,85,0,36,3.5207451790054574,0.22300930808019712,0.0
had,407.634,407.714,0.079999999999984,85,1,36,4.681041717529297,0.2965160612701689,0.040000000000020464
forgotten,407.754,408.074,0.3199999999999932,85,2,36,6.825535774230957,0.43237339610620784,0.040000000000020464
why,408.114,408.254,0.1400000000000432,85,3,36,5.287079811096191,0.3349096021353496,0.03999999999996362
we,408.294,408.374,0.0800000000000409,85,4,36,1.6673691272735596,0.10559479249766886,0.03999999999996362
had,408.414,408.514,0.1000000000000227,85,5,36,2.249354362487793,0.1424645440006131,0.03999999999996362
hotels.,408.554,408.955,0.4010000000000104,85,6,36,8.307679176330566,0.5262696938482377,0.03999999999996362
"And,",410.116,410.256,0.1399999999999863,86,0,36,3.5207451790054574,0.22300930808019712,0.0
you,410.296,410.356,0.0600000000000022,86,1,36,4.069969177246094,0.2578035796687738,0.040000000000020464
"know,",410.376,410.536,0.160000000000025,86,2,36,0.23109900951385498,0.014604645104304783,0.01999999999998181
that,410.556,410.716,0.160000000000025,86,3,36,3.623556613922119,0.22952258681594218,0.01999999999998181
ended,410.956,411.157,0.2009999999999649,86,4,36,8.574705123901367,0.5431862404134604,0.2400000000000091
up,411.217,411.297,0.0800000000000409,86,5,36,0.7177834510803223,0.0454369297314217,0.060000000000002274
"being,",411.357,411.657,0.2999999999999545,86,6,36,2.5165863037109375,0.159394140613008,0.060000000000002274
now,411.737,411.917,0.1799999999999499,86,7,36,7.609524726867676,0.4820404256385447,0.08000000000004093
I,411.957,411.998,0.0409999999999968,86,8,36,2.2060208320617676,0.13971929136896394,0.040000000000020464
think,412.038,412.198,0.1599999999999681,86,9,36,3.0245559215545654,0.19157487724981617,0.040000000000020464
they,412.218,412.378,0.1599999999999681,86,10,36,5.026081562042236,0.31837492049212784,0.020000000000038654
rent,412.438,412.618,0.1800000000000068,86,11,36,11.566171646118164,0.7327007171216363,0.060000000000002274
more,412.678,412.958,0.2800000000000295,86,12,36,5.976860046386719,0.3786083496773597,0.060000000000002274
"nights,",413.339,414.42,1.0810000000000173,86,13,36,4.85751485824585,0.3076959339739297,0.3809999999999718
every,415.041,415.201,0.160000000000025,86,14,36,7.414031982421875,0.4696556287876555,0.6209999999999809
night,415.261,415.401,0.1399999999999863,86,15,36,0.5696645379066467,0.0360533454217797,0.060000000000002274
in,415.441,415.501,0.0600000000000022,86,16,36,4.020316123962402,0.2546579745482964,0.03999999999996362
New,415.541,415.621,0.079999999999984,86,17,36,2.689646005630493,0.17035776618092957,0.040000000000020464
York,415.661,415.841,0.1800000000000068,86,18,36,0.11652021110057831,0.007345883937540161,0.040000000000020464
than,415.881,416.021,0.1400000000000432,86,19,36,2.0838022232055664,0.13197653525607916,0.03999999999996362
Hilton,416.062,416.302,0.2400000000000091,86,20,36,11.912640571594238,0.7546501110458527,0.04099999999999682
Hotel.,416.342,416.622,0.2800000000000295,86,21,36,2.9065957069396973,0.1841018976329309,0.03999999999996362
You,416.642,417.303,0.6610000000000014,87,0,36,3.5207451790054574,0.22300930808019712,0.0
"know,",417.323,417.543,0.2200000000000272,87,1,36,2.279852867126465,0.14439667598472655,0.01999999999998181
just,417.563,417.683,0.1200000000000045,87,2,36,5.0648651123046875,0.3208319241651715,0.01999999999998181
five,417.743,417.943,0.1999999999999886,87,3,36,8.112547874450684,0.5139077949967851,0.060000000000002274
years,417.963,418.164,0.2009999999999649,87,4,36,1.1429312229156494,0.0723707619854802,0.020000000000038654
"ago,",418.224,418.424,0.1999999999999886,87,5,36,0.3308236300945282,0.02092236891766124,0.060000000000002274
and,418.464,418.544,0.079999999999984,87,6,36,5.722102642059326,0.362469036129949,0.040000000000020464
it,418.564,418.604,0.0399999999999636,87,7,36,2.735535144805908,0.17326492096030943,0.020000000000038654
was,418.644,418.724,0.079999999999984,87,8,36,0.5721943378448486,0.03621361253755856,0.040000000000020464
all,418.784,418.904,0.1200000000000045,87,9,36,3.600912570953369,0.22808804829715573,0.060000000000002274
based,418.944,419.205,0.2609999999999672,87,10,36,5.830613136291504,0.36934335993702866,0.040000000000020464
on,419.305,419.385,0.079999999999984,87,11,36,0.14538437128067017,0.009174477428901534,0.10000000000002274
him,419.445,419.585,0.1399999999999863,87,12,36,6.350094318389893,0.4022533736891351,0.060000000000002274
believing,419.625,420.045,0.4200000000000159,87,13,36,6.472837448120117,0.41002935908880106,0.040000000000020464
something,420.386,420.666,0.2799999999999727,87,14,36,5.486690521240234,0.34755527909591366,0.3410000000000082
that,420.686,420.786,0.1000000000000227,87,15,36,1.5020687580108643,0.09512273381078992,0.01999999999998181
nobody,420.826,421.066,0.2399999999999522,87,16,36,4.253383159637451,0.26942316646197734,0.040000000000020464
else,421.106,421.247,0.1410000000000195,87,17,36,1.2125405073165894,0.07678062818632238,0.040000000000020464
believed.,421.287,421.587,0.3000000000000113,87,18,36,0.7067382335662842,0.04473719647291619,0.03999999999996362
So,422.488,422.648,0.160000000000025,88,0,36,3.5207451790054574,0.22300930808019712,0.0
in,422.708,422.768,0.0599999999999454,88,1,36,5.194714546203613,0.32905810598383745,0.060000000000002274
that,422.808,422.988,0.1800000000000068,88,2,36,3.7936112880706787,0.24029583877905006,0.040000000000020464
"spirit,",423.068,423.469,0.4010000000000104,88,3,36,2.13625431060791,0.13529946393419803,0.07999999999998408
what,423.909,424.029,0.1200000000000045,88,4,36,5.226673126220703,0.3310827362189727,0.4399999999999977
I'd,424.049,424.149,0.1000000000000227,88,5,36,2.6152286529541016,0.16564330070196337,0.01999999999998181
like,424.189,424.35,0.1610000000000013,88,6,36,0.18825370073318481,0.011890322141749341,0.040000000000020464
to,424.39,424.45,0.0600000000000022,88,7,36,0.08485779166221619,0.005340015977256463,0.03999999999996362
give,424.49,424.71,0.2199999999999704,88,8,36,5.890754699707031,0.37315342995935974,0.040000000000020464
is,425.15,425.271,0.1210000000000377,88,9,36,3.121493101119995,0.19771601194829017,0.4399999999999977
a,425.551,425.591,0.0400000000000204,88,10,36,0.7210609316825867,0.04564456368508502,0.2799999999999727
few,425.631,425.891,0.2600000000000477,88,11,36,3.1984708309173584,0.20259268165941235,0.03999999999996362
unconventional,426.091,426.872,0.7810000000000059,88,12,36,9.919820785522461,0.6284015984430025,0.19999999999998863
graduation,427.293,427.893,0.5999999999999659,88,13,36,12.840035438537598,0.8134021484179367,0.42099999999999227
"thoughts,",427.913,428.213,0.3000000000000113,88,14,36,3.868213653564453,0.24502202513371724,0.020000000000038654
and,428.834,428.954,0.1200000000000045,88,15,36,2.121084213256836,0.13433841254360102,0.6209999999999809
I'm,429.295,429.415,0.1200000000000045,88,16,36,2.409822940826416,0.15263050053935223,0.3410000000000082
titling,429.495,429.895,0.3999999999999772,88,17,36,7.174181938171387,0.45446072177900876,0.07999999999998408
them,429.935,430.075,0.1399999999999863,88,18,36,0.9624590277671814,0.06093754240240007,0.040000000000020464
Do,431.617,431.737,0.1200000000000045,88,19,36,9.242338180541992,0.5854819266337986,1.54200000000003
not,431.797,431.997,0.1999999999999886,88,20,36,4.85727596282959,0.30768079954422295,0.060000000000002274
follow,432.137,432.458,0.3210000000000264,88,21,36,4.612077713012695,0.2921470746441782,0.13999999999998636
your,432.498,432.638,0.1399999999999863,88,22,36,1.7876302003860474,0.11321353540186409,0.03999999999996362
"passion,",432.678,433.138,0.4599999999999795,88,23,36,2.356438159942627,0.1492484841476479,0.040000000000020464
and,433.658,433.738,0.079999999999984,88,24,36,3.424314022064209,0.21690023077301,0.5200000000000387
the,433.778,433.838,0.0600000000000022,88,25,36,4.535920143127441,0.2873223634542048,0.040000000000020464
world,433.878,434.178,0.3000000000000113,88,26,36,5.201181888580322,0.3294678230898495,0.03999999999996362
is,434.238,434.339,0.100999999999999,88,27,36,1.9798486232757568,0.12539089843002174,0.060000000000002274
not,434.439,434.619,0.1800000000000068,88,28,36,1.8015702962875366,0.11409666411495924,0.10000000000002274
going,434.699,434.939,0.2400000000000091,88,29,36,2.1700029373168945,0.13743749666258476,0.07999999999998408
to,434.979,435.059,0.0800000000000409,88,30,36,0.01589379645884037,0.0009710299412744311,0.03999999999996362
hell,435.099,435.339,0.2400000000000091,88,31,36,7.295450210571289,0.4621432724659345,0.03999999999996362
in,435.359,435.399,0.0400000000000204,88,32,36,1.4916026592254639,0.0944596887057351,0.01999999999998181
a,435.419,436.88,1.4610000000000127,88,33,36,0.018521808087825775,0.0011375189341985765,0.01999999999998181
hand,436.92,437.1,0.1800000000000068,88,34,36,0.08252950757741928,0.005192515232494232,0.040000000000020464
"basket,",437.14,437.52,0.3799999999999954,88,35,36,2.249953031539917,0.14250247070020744,0.03999999999996362
and,437.76,437.84,0.079999999999984,88,36,36,2.2347846031188965,0.14154152503915926,0.2400000000000091
the,437.86,437.92,0.0600000000000022,88,37,36,2.915851593017578,0.18468827371084875,0.020000000000038654
class,437.96,438.221,0.2610000000000241,88,38,36,8.694133758544922,0.5507522469291117,0.03999999999996362
of,438.261,438.321,0.0600000000000022,88,39,36,0.7665196061134338,0.048524447792972415,0.040000000000020464
2015,438.361,438.841,0.4800000000000182,88,40,36,2.129744052886963,0.13488702806835842,0.03999999999996362
is,438.941,439.361,0.4200000000000159,88,41,36,1.2467734813690186,0.07894934514020728,0.0999999999999659
not,439.401,439.541,0.1399999999999863,88,42,36,1.9968087673187256,0.1264653523138702,0.040000000000020464
required,439.581,439.922,0.3410000000000082,88,43,36,6.561601161956787,0.4156526908738965,0.040000000000020464
to,439.962,440.042,0.079999999999984,88,44,36,0.180271178483963,0.011384615821575786,0.03999999999996362
save,440.082,440.282,0.1999999999999886,88,45,36,6.37871789932251,0.4040667260772271,0.040000000000020464
it.,440.322,440.402,0.079999999999984,88,46,36,2.25640606880188,0.14291128155294364,0.040000000000020464
I,444.064,444.144,0.079999999999984,89,0,36,3.5207451790054574,0.22300930808019712,0.0
told,444.164,444.344,0.1800000000000068,89,1,36,6.1625823974609375,0.3903741755408429,0.01999999999998181
you,444.364,444.464,0.1000000000000227,89,2,36,1.8706793785095215,0.11847484165958916,0.01999999999998181
it,444.504,444.544,0.0399999999999636,89,3,36,3.0164878368377686,0.19106375040223644,0.040000000000020464
was,444.584,444.684,0.1000000000000227,89,4,36,0.8662455677986145,0.05484225656757348,0.040000000000020464
gonna,444.704,444.824,0.1200000000000045,89,5,36,4.162101745605469,0.26364033410033216,0.01999999999998181
be,444.844,444.924,0.079999999999984,89,6,36,0.33204925060272217,0.021000014055097396,0.01999999999998181
unconventional.,444.944,445.545,0.6009999999999991,89,7,36,6.434177398681641,0.4075801794023723,0.020000000000038654
So,447.045,447.225,0.1800000000000068,90,0,36,3.5207451790054574,0.22300930808019712,0.0
don't,447.406,447.566,0.1599999999999681,90,1,36,2.6906487941741943,0.1704212945355667,0.18099999999998317
follow,447.626,447.846,0.2200000000000272,90,2,36,7.164871692657471,0.45387090193864266,0.060000000000002274
your,447.886,448.006,0.1199999999999477,90,3,36,3.221733570098877,0.20406641563237932,0.040000000000020464
passion.,448.026,448.406,0.3799999999999954,90,4,36,2.748955488204956,0.17411512247104868,0.020000000000038654
Now,449.387,449.467,0.079999999999984,91,0,36,3.5207451790054574,0.22300930808019712,0.0
you're,449.507,449.667,0.1599999999999681,91,1,36,2.623063564300537,0.16613965562114674,0.040000000000020464
probably,449.687,450.107,0.4200000000000159,91,2,36,3.573634624481201,0.22635994413387875,0.020000000000038654
"thinking,",450.167,450.527,0.3600000000000136,91,3,36,1.2109606266021729,0.0766805400641153,0.05999999999994543
that's,451.308,451.508,0.1999999999999886,91,4,36,2.4731853008270264,0.15664461348674108,0.7810000000000059
a,451.528,451.548,0.0199999999999818,91,5,36,1.8438597917556763,0.11677577536169256,0.020000000000038654
really,451.608,451.868,0.2599999999999909,91,6,36,3.5376291275024414,0.22407893484700533,0.060000000000002274
dumb,451.908,452.088,0.1800000000000068,91,7,36,3.4023854732513428,0.21551102002223735,0.040000000000020464
"idea,",452.148,452.428,0.2799999999999727,91,8,36,1.8448323011398315,0.11683738548022914,0.060000000000002274
because,453.509,453.849,0.339999999999975,91,9,36,2.866264820098877,0.18154686756388277,1.0810000000000173
everybody,454.169,454.729,0.5600000000000023,91,10,36,6.686219692230225,0.4235474860780265,0.3199999999999932
who's,455.09,455.29,0.2000000000000454,91,11,36,2.5921647548675537,0.16418216364953073,0.36099999999999
"successful,",455.33,455.89,0.5600000000000023,91,12,36,5.397693634033203,0.3419171753824218,0.03999999999996362
and,456.03,456.11,0.0800000000000409,91,13,36,3.4972944259643555,0.22152366311041696,0.13999999999998636
if,456.15,456.21,0.0600000000000022,91,14,36,5.160815715789795,0.32691055759605425,0.03999999999996362
you,456.23,456.39,0.1599999999999681,91,15,36,0.5752712488174438,0.03640854006508339,0.020000000000038654
pull,456.891,457.191,0.2999999999999545,91,16,36,8.621475219726562,0.5461492052904114,0.5010000000000332
a,457.551,457.611,0.0600000000000022,91,17,36,2.4895384311676025,0.15768061202325095,0.36000000000001364
thousand,457.631,457.991,0.3600000000000136,91,18,36,6.439179420471191,0.4078970659644947,0.01999999999998181
people,458.011,458.231,0.2199999999999704,91,19,36,1.1407744884490967,0.07223412919992446,0.020000000000038654
who,458.251,458.351,0.1000000000000227,91,20,36,3.0734944343566895,0.19467521501916488,0.01999999999998181
are,458.371,458.431,0.0600000000000022,91,21,36,1.3159234523773193,0.08333011305878402,0.01999999999998181
"successful,",458.451,458.912,0.4609999999999559,91,22,36,0.6459506154060364,0.0408861977870145,0.020000000000038654
they'll,458.952,459.152,0.1999999999999886,91,23,36,2.0382907390594482,0.12909330556318177,0.040000000000020464
all,459.232,459.392,0.1599999999999681,91,24,36,0.9931688904762268,0.06288306427866423,0.08000000000004093
say,459.452,459.672,0.2200000000000272,91,25,36,3.492514133453369,0.22122082347407024,0.060000000000002274
that,460.072,460.192,0.1200000000000045,91,26,36,2.503410577774048,0.1585594360332858,0.39999999999997726
they,460.212,460.352,0.1399999999999863,91,27,36,1.4908866882324219,0.09441433072927877,0.01999999999998181
love,460.392,460.533,0.1410000000000195,91,28,36,5.798271179199219,0.36729444211410056,0.040000000000020464
what,460.553,460.653,0.1000000000000227,91,29,36,3.703550100326538,0.2345903098218349,0.01999999999998181
they,460.673,460.813,0.1399999999999863,91,30,36,0.7964733242988586,0.05042206663149725,0.01999999999998181
do.,460.833,460.993,0.1599999999999681,91,31,36,0.5252669453620911,0.03324068265062852,0.020000000000038654
And,462.033,462.153,0.1200000000000045,92,0,36,3.5207451790054574,0.22300930808019712,0.0
so,462.253,462.514,0.2610000000000241,92,1,36,4.205244064331055,0.26637347314652743,0.0999999999999659
the,462.754,462.894,0.1399999999999863,92,2,36,2.403459072113037,0.15222733866536883,0.2400000000000091
broad,463.014,463.295,0.2810000000000059,92,3,36,9.550533294677734,0.6050066097100342,0.12000000000000455
conclusion,463.355,463.815,0.4599999999999795,92,4,36,6.046114921569824,0.38299576345329267,0.060000000000002274
of,463.835,463.895,0.0600000000000022,92,5,36,2.024641990661621,0.12822863420847144,0.01999999999998181
the,463.935,464.015,0.079999999999984,92,6,36,1.2897549867630005,0.08167229638915988,0.040000000000020464
world,464.055,464.316,0.2609999999999672,92,7,36,7.4464216232299805,0.47170756745483644,0.040000000000020464
is,464.416,464.496,0.079999999999984,92,8,36,1.6880391836166382,0.10690427561649854,0.10000000000002274
that,464.536,464.756,0.2199999999999704,92,9,36,0.39269253611564636,0.024841869023051282,0.040000000000020464
if,464.956,465.036,0.079999999999984,92,10,36,4.097451210021973,0.25954461304545295,0.20000000000004547
you,465.076,465.197,0.1209999999999809,92,11,36,1.169227957725525,0.07403670472614446,0.040000000000020464
do,465.237,465.357,0.1200000000000045,92,12,36,4.026185035705566,0.2550297800589354,0.040000000000020464
what,465.397,465.537,0.1399999999999863,92,13,36,3.6263060569763184,0.22969676869556066,0.03999999999996362
you,465.577,465.717,0.1399999999999863,92,14,36,1.2499676942825317,0.07915170394459409,0.040000000000020464
"love,",465.757,466.038,0.2810000000000059,92,15,36,2.0150339603424072,0.1276199491957464,0.040000000000020464
then,466.538,466.658,0.1200000000000045,92,16,36,3.238203287124634,0.20510980013308738,0.5
you'll,466.678,466.858,0.1800000000000068,92,17,36,1.4653254747390747,0.0927949845112145,0.01999999999998181
be,466.878,466.979,0.100999999999999,92,18,36,1.2923754453659058,0.08183830688507444,0.01999999999998181
successful.,467.019,467.559,0.5400000000000205,92,19,36,1.918769121170044,0.12152140840123737,0.040000000000020464
But,468.46,468.58,0.1200000000000045,93,0,36,3.5207451790054574,0.22300930808019712,0.0
we're,468.6,468.801,0.2009999999999649,93,1,36,2.9793918132781982,0.18871365440730067,0.020000000000038654
engineers.,468.861,469.401,0.5400000000000205,93,2,36,6.762594699859619,0.4283859723177928,0.060000000000002274
And,469.902,470.002,0.1000000000000227,94,0,36,3.5207451790054574,0.22300930808019712,0.0
we,470.022,470.122,0.1000000000000227,94,1,36,3.565613269805908,0.2258517777136668,0.01999999999998181
know,470.162,470.282,0.1200000000000045,94,2,36,3.856346607208252,0.2442702276245141,0.03999999999996362
that,470.322,470.442,0.1200000000000045,94,3,36,1.2212939262390137,0.07733517211792598,0.040000000000020464
that,470.482,470.623,0.1409999999999627,94,4,36,5.082931995391846,0.32197649184412824,0.040000000000020464
might,470.663,470.823,0.1599999999999681,94,5,36,5.993468284606934,0.3796605097306222,0.040000000000020464
be,470.863,470.943,0.079999999999984,94,6,36,1.2484201192855835,0.07905366244436832,0.040000000000020464
true.,470.983,471.163,0.1800000000000068,94,7,36,1.5270943641662598,0.09670814839578422,0.040000000000020464
But,472.084,472.184,0.1000000000000227,95,0,36,3.5207451790054574,0.22300930808019712,0.0
it,472.264,472.325,0.0609999999999786,95,1,36,2.7855494022369385,0.1764334089760021,0.07999999999998408
all,472.405,472.945,0.5400000000000205,95,2,36,5.503350257873535,0.34861070166096925,0.07999999999998408
might,472.985,473.145,0.1599999999999681,95,3,36,6.094943046569824,0.386089107968196,0.040000000000020464
be,473.185,473.286,0.100999999999999,95,4,36,1.2140378952026367,0.07687549024797204,0.040000000000020464
the,473.306,473.386,0.0800000000000409,95,5,36,4.358665466308594,0.27609297911314007,0.01999999999998181
case,473.406,473.646,0.2400000000000091,95,6,36,3.5682153701782227,0.22601662518454402,0.01999999999998181
that,473.746,473.886,0.1400000000000432,95,7,36,1.550599455833435,0.09819723580966623,0.0999999999999659
if,473.946,473.986,0.0399999999999636,95,8,36,4.413129806518555,0.27954338741872853,0.060000000000002274
you're,474.006,474.207,0.2010000000000218,95,9,36,1.816612958908081,0.11504964229929056,0.01999999999998181
"successful,",474.247,474.787,0.5399999999999636,95,10,36,4.432590007781982,0.2807762241667532,0.040000000000020464
you,475.068,475.208,0.1400000000000432,95,11,36,0.9068776965141296,0.05741637082018889,0.2810000000000059
love,475.248,475.388,0.1399999999999863,95,12,36,9.093957901000977,0.5760817843215957,0.03999999999996362
what,475.408,475.528,0.1200000000000045,95,13,36,2.3220505714416504,0.14706997210627318,0.020000000000038654
you,475.568,475.668,0.1000000000000227,95,14,36,0.02309192717075348,0.0014270437274940316,0.03999999999996362
do.,475.688,475.868,0.1800000000000068,95,15,36,0.5869235396385193,0.037146732446982814,0.01999999999998181
You,476.709,476.87,0.1610000000000013,96,0,36,3.5207451790054574,0.22300930808019712,0.0
just,476.91,477.07,0.1599999999999681,96,1,36,5.159835338592529,0.32684844903821597,0.040000000000020464
love,477.13,477.29,0.160000000000025,96,2,36,5.328006267547607,0.3375023625491156,0.060000000000002274
being,477.33,477.53,0.1999999999999886,96,3,36,4.288974285125732,0.2716779246122936,0.03999999999996362
successful,477.59,478.051,0.4610000000000127,96,4,36,7.266561985015869,0.46031315439223924,0.060000000000002274
and,478.091,478.171,0.079999999999984,96,5,36,2.2547385692596436,0.142805642629422,0.040000000000020464
everybody,478.211,478.611,0.3999999999999772,96,6,36,6.505695343017578,0.4121109624465448,0.040000000000020464
loves,478.632,478.812,0.1800000000000068,96,7,36,1.7472723722457886,0.11065679855581312,0.021000000000015007
you.,478.852,478.972,0.1200000000000045,96,8,36,1.8213685750961304,0.11535091864873646,0.03999999999996362
It's,479.012,479.112,0.1000000000000227,97,0,36,3.5207451790054574,0.22300930808019712,0.0
awesome.,479.192,479.492,0.3000000000000113,97,1,36,4.537814140319824,0.2874423513879274,0.07999999999998408
